tweet_id,text,language,type,bookmark_count,favorite_count,retweet_count,reply_count,view_count,created_at,client,hashtags,urls,media_type,media_urls
'1054545953930313728',@MartinKorman This matches 0day research in my opinion regarding posts w useful information.. thanks sir,en,Reply,0,0,0,0,,2018-10-23 03:32:02,"<a href=""http://twitter.com/download/iphone"" rel=""nofollow"">Twitter for iPhone</a>",,,,
'1054544425727258624',@spectatorindex How about you take into account loans between nations probably affecting their inflation? ;),en,Reply,0,0,0,0,,2018-10-23 03:25:58,"<a href=""http://twitter.com/download/iphone"" rel=""nofollow"">Twitter for iPhone</a>",,,,
'1054543706416652293',@matalaz The question is does ms supporting Linux these days take a role in this change ?,en,Reply,0,0,0,1,,2018-10-23 03:23:06,"<a href=""http://twitter.com/download/iphone"" rel=""nofollow"">Twitter for iPhone</a>",,,,
'1054542789529231361',@VessOnSecurity Do you also drink and admin?  Lol I have before and these things happen... when tech requires your attention on weekends.. what to expect?,en,Reply,0,0,0,0,,2018-10-23 03:19:28,"<a href=""http://twitter.com/download/iphone"" rel=""nofollow"">Twitter for iPhone</a>",,,,
'1052130275814232064',When you affect the entire earth..mother fuckers listen ;),en,Tweet,0,3,0,2,,2018-10-16 11:33:00,"<a href=""http://twitter.com/download/iphone"" rel=""nofollow"">Twitter for iPhone</a>",,,,
'1049866909582336001',"The percentage of your human and civil rights respected by the US gov/Intel agencies directly correlates to the amount of damage you can, and are willing to do to them..",en,Tweet,0,1,0,0,,2018-10-10 05:39:11,"<a href=""http://twitter.com/#!/download/ipad"" rel=""nofollow"">Twitter for iPad</a>",,,,
'1049852399412805633',@osxreverser Dark trace?,en,Reply,0,0,0,0,,2018-10-10 04:41:31,"<a href=""http://twitter.com/#!/download/ipad"" rel=""nofollow"">Twitter for iPad</a>",,,,
'1034516979867107332',morons involved w my life who don't realize they already buried  themselves.. https://t.co/fEJ6HyVEuo,en,Tweet,0,0,0,0,,2018-08-28 21:04:03,"<a href=""http://twitter.com"" rel=""nofollow"">Twitter Web Client</a>",,,photo,https://pbs.twimg.com/media/DltXi1wXgAU-LHp.jpg
'1032995568304496640',sometimes you have to sacrifice expensive pieces... https://t.co/mzBnBiLYKp,en,Tweet,0,1,0,0,,2018-08-24 16:18:30,"<a href=""http://twitter.com"" rel=""nofollow"">Twitter Web Client</a>",,,photo,https://pbs.twimg.com/media/DlXv-IyW0AA53EH.jpg
'1032836691399200768',Waste my huh huh? Ok.https://t.co/Ek9Y9ZhdQI,en,Tweet,0,1,0,0,,2018-08-24 05:47:11,"<a href=""http://twitter.com"" rel=""nofollow"">Twitter Web Client</a>",,https://www.youtube.com/watch?v=EBOE2_xYg3I,,
'1032330212867022848',#boom https://t.co/9iPZqQMXGn,qme,Tweet,0,1,0,0,,2018-08-22 20:14:37,"<a href=""http://twitter.com"" rel=""nofollow"">Twitter Web Client</a>",#boom,,photo,https://pbs.twimg.com/media/DlOS036WsAAPK8n.jpg
'1030221942278762498',"""incalculable damage""",fr,Tweet,0,0,0,1,,2018-08-17 00:37:06,"<a href=""http://twitter.com"" rel=""nofollow"">Twitter Web Client</a>",,,,
'1028456725236596737',"Because your a doctor, or the gov gives you 'privilege' doesn't mean you can violate peoples human and civil rights.. 1+1=2... If you had means, and ability to destroy people who affected your life negatively for 20+ years.. you'd do it...expect me to be different? simple math.",en,Tweet,0,1,0,0,,2018-08-12 03:42:45,"<a href=""http://twitter.com"" rel=""nofollow"">Twitter Web Client</a>",,,,
'1028456099035459586',How to kill a billion dollar corporation in 12 steps or less... :) (of course in my case their entire business model is based off of stolen intellectual property...),en,Tweet,0,1,0,0,,2018-08-12 03:40:16,"<a href=""http://twitter.com"" rel=""nofollow"">Twitter Web Client</a>",,,,
'1019668191646232576',phase 4.,en,Tweet,0,2,0,2,,2018-07-18 21:40:16,"<a href=""http://twitter.com"" rel=""nofollow"">Twitter Web Client</a>",,,,
'1009974652175777792',"The decisions my family, and friends who have said I'm 'crazy' will last a life time, and also have repercussions..I've never lied,nor am I wrong about anything.. proof??LOL there's too much to list...it is what it is.  I don't waste my time&amp;energy on things that won't work out.",en,Tweet,0,3,0,0,,2018-06-22 03:41:36,"<a href=""http://twitter.com"" rel=""nofollow"">Twitter Web Client</a>",,,,
'1009974112171806726',Everyone I've met in 10yrs should understands....fk my family..morons.. gov NDAs arent enforcable.. enjoy the $.. I'm cleaning USA intel agencies.. I'm helping usa citizens grandchildrens rights..,en,Tweet,0,4,0,0,,2018-06-22 03:39:27,"<a href=""http://twitter.com"" rel=""nofollow"">Twitter Web Client</a>",,,,
'993679415778398208',x34,qst,Tweet,0,1,0,0,,2018-05-08 04:30:09,"<a href=""http://twitter.com"" rel=""nofollow"">Twitter Web Client</a>",,,,
'992491058994012165',https://t.co/W6IIDjAJCa - this is why im positive every single thing ive said will come true.,en,Tweet,0,0,0,0,,2018-05-04 21:48:02,"<a href=""http://twitter.com"" rel=""nofollow"">Twitter Web Client</a>",,https://www.rt.com/usa/425858-cybercom-combatant-command-nsa/,,
'991389174371618817',33,qst,Tweet,0,1,0,0,,2018-05-01 20:49:32,"<a href=""http://twitter.com"" rel=""nofollow"">Twitter Web Client</a>",,,,
'976155475917131776',https://t.co/cNK5TPjOR9 - NSA already had hard drive/space issues.. looks like my anti surveillance framework will work after all... #nsa,en,Tweet,0,1,0,0,,2018-03-20 18:56:16,"<a href=""http://twitter.com"" rel=""nofollow"">Twitter Web Client</a>",#nsa,https://assets.documentcloud.org/documents/4408019/pages/Pages-From-OAKSTAR-Weekly-2013-03-08-p2-large.gif,,
'972515734709469184',Who would've thought non consent drugging isn't an exact science? #nsa ... 27.. almost to 28.,en,Tweet,0,0,0,1,,2018-03-10 17:53:14,"<a href=""http://twitter.com"" rel=""nofollow"">Twitter Web Client</a>",#nsa,,,
'969370112108228608',https://t.co/KK90qml1Vp - What about Mexico and USD?,en,Tweet,0,0,0,0,,2018-03-02 01:33:39,"<a href=""http://twitter.com"" rel=""nofollow"">Twitter Web Client</a>",,https://arstechnica.com/tech-policy/2018/02/bill-gates-says-cryptocurrencies-have-caused-deaths-in-a-fairly-direct-way/,,
'968283443103764481',24.,qst,Tweet,0,0,0,0,,2018-02-27 01:35:37,"<a href=""http://twitter.com"" rel=""nofollow"">Twitter Web Client</a>",,,,
'963757774114050058',US congress will soon learn what incalculable damage means regarding letting non consent druggings take place within their policy reach,en,Tweet,0,0,0,0,,2018-02-14 13:52:13,"<a href=""http://twitter.com"" rel=""nofollow"">Twitter Web Client</a>",,,,
'962995199738867712',22 - oh how little of a game it really is...,en,Tweet,0,0,0,1,,2018-02-12 11:22:01,"<a href=""http://twitter.com"" rel=""nofollow"">Twitter Web Client</a>",,,,
'961198678546395137',RT @undefined: when people ask me to fix their computer https://t.co/3XpE8r9xNH,en,Retweet,6,3483,891,65,,2018-02-07 12:23:17,"<a href=""http://twitter.com"" rel=""nofollow"">Twitter Web Client</a>",,,animated_gif,https://pbs.twimg.com/tweet_video_thumb/DVbctDZVoAAeNLs.jpg
'961620309307809792',monday made 21 times.. halfway to 22 already..,en,Tweet,0,0,0,0,,2018-02-08 16:18:42,"<a href=""http://twitter.com"" rel=""nofollow"">Twitter Web Client</a>",,,,
'958141109691019264',Another week.. 20 times  now.,en,Tweet,0,1,0,0,,2018-01-30 01:53:36,"<a href=""http://twitter.com"" rel=""nofollow"">Twitter Web Client</a>",,,,
'956942079078420481',"My response: Replace 100% intel agency leaderships, congress, state/county officials everywhere crimes were committed, and create/replace any military oversight committees.  5 yr/time frame.   I faxed all of congress 2 years ago, and they should have paid more attention. rights..",en,Tweet,0,0,0,0,,2018-01-26 18:29:05,"<a href=""http://twitter.com"" rel=""nofollow"">Twitter Web Client</a>",,,,
'956933964396138496',"If you fairly poll 50 capitols in America regarding a topic, then the results should directly show how our democracy would account for the topics.. I doubt rape, and non consent drugging will fly anywhere in America... good luck guys.",en,Tweet,0,0,0,0,,2018-01-26 17:56:50,"<a href=""http://twitter.com"" rel=""nofollow"">Twitter Web Client</a>",,,,
'955455096095207424',For people who believe I'm being too negative would do well to remember.. retaliation for my rights protects every other Americans as well.,en,Tweet,0,1,0,0,,2018-01-22 16:00:21,"<a href=""http://twitter.com"" rel=""nofollow"">Twitter Web Client</a>",,,,
'955440851941027841',"I will hold every last individual to their political, career, and rights suicide that they have committed....",en,Tweet,0,2,0,0,,2018-01-22 15:03:44,"<a href=""http://twitter.com"" rel=""nofollow"">Twitter Web Client</a>",,,,
'955304032909840385',19,qst,Tweet,0,1,0,0,,2018-01-22 06:00:04,"<a href=""http://twitter.com"" rel=""nofollow"">Twitter Web Client</a>",,,,
'954106780237385728',Wouldnt it be easier for cloud platforms to spot code  taking advantage of #spectre and #melttown and mitigate immediately than to run these slow patches?,en,Tweet,0,0,0,0,,2018-01-18 22:42:37,"<a href=""http://twitter.com"" rel=""nofollow"">Twitter Web Client</a>","#spectre,#melttown",,,
'953759319102775304',The lighting network also solved a few security issues I considered with BC.. https://t.co/sPT5JjteYd,en,Tweet,0,0,0,0,,2018-01-17 23:41:56,"<a href=""http://twitter.com"" rel=""nofollow"">Twitter Web Client</a>",,https://x.com/TuurDemeester/status/953384229760577536,,
'952885062885888002',18 - Nobody smart would be matching my statements with skepticism at this stage anymore.....,en,Tweet,0,0,0,0,,2018-01-15 13:47:57,"<a href=""http://twitter.com"" rel=""nofollow"">Twitter Web Client</a>",,,,
'950253353656823808',ANother week.. 17 Times now,en,Tweet,0,0,0,0,,2018-01-08 07:30:29,"<a href=""https://mobile.twitter.com"" rel=""nofollow"">Twitter Web App</a>",,,,
'949372109599526914',https://t.co/MDMbqr8Kab - now that people may accept binary modifications.. its time to fix all bugs.,en,Tweet,0,0,0,0,,2018-01-05 21:08:44,"<a href=""http://twitter.com"" rel=""nofollow"">Twitter Web Client</a>",,https://www.bleepingcomputer.com/news/google/google-unveils-new-retpoline-coding-technique-for-mitigating-spectre-attacks/,,
'947887766247038978',If your thinking you wouldnt have been involved in drugging me 20 years ago if you  knew it would lead to this.. i dont care.  your not getting out of anything :),en,Tweet,0,0,0,0,,2018-01-01 18:50:29,"<a href=""http://twitter.com"" rel=""nofollow"">Twitter Web Client</a>",,,,
'947885390299631616',Everyone gets drugged 16 times now.,en,Tweet,0,0,0,0,,2018-01-01 18:41:02,"<a href=""http://twitter.com"" rel=""nofollow"">Twitter Web Client</a>",,,,
'946933900051472384',https://t.co/P77sVCxtmZ - If only this girl knew the US gov rapes people regularly with drugs .. for 15 years straight in my life.  wait  till they see what happens to all of them ;),en,Tweet,0,0,0,0,,2017-12-30 03:40:09,"<a href=""http://twitter.com"" rel=""nofollow"">Twitter Web Client</a>",,https://medium.com/@chelsea.komlo/behind-every-serial-abuser-there-are-many-enablers-491bf2303f82,,
'945812303810846720',https://t.co/QjEcVvg1RP - ddos2.0 #ddos,hi,Tweet,0,0,0,0,,2017-12-27 01:23:20,"<a href=""http://twitter.com"" rel=""nofollow"">Twitter Web Client</a>",#ddos,https://pastebin.com/BTpyhw7G,,
'945336742730661889',Today makes 15 times im going to drug everyone involved w drugging me without my consent the last 20 years... better watch your drink just like i need to.,en,Tweet,0,0,0,0,,2017-12-25 17:53:37,"<a href=""http://twitter.com"" rel=""nofollow"">Twitter Web Client</a>",,,,
'944492696646967297',Computer Security in 2000: https://t.co/tVL6AhpJ3G    Security in 2017: https://t.co/m1JYE1oxo3,en,Tweet,0,0,0,0,,2017-12-23 09:59:41,"<a href=""http://twitter.com"" rel=""nofollow"">Twitter Web Client</a>",,"https://www.youtube.com/watch?v=-D4swzK4sKk,https://www.youtube.com/watch?v=gg85IH3vghA",,
'944427222806552576',"Two years ago when i realized the US gov was drugging me for *20* years.. i tried to be nice about things..like pinky and the brain, but then the next 2 years happened..more drugs, rape, etc..now everyone is only going to get. blame yourselves USA. The entire command struture... https://t.co/Pf7L0rJeMK",en,Tweet,0,0,0,0,,2017-12-23 05:39:31,"<a href=""http://twitter.com"" rel=""nofollow"">Twitter Web Client</a>",,,photo,"https://pbs.twimg.com/media/DRtHQ_UUQAAsIa6.jpg,https://pbs.twimg.com/media/DRtHWjZUEAAPS60.jpg,https://pbs.twimg.com/media/DRtHXkoV4AE1JLR.jpg"
'944314331759611905',https://t.co/0aYThuwckN - such a joke.. esp in my eyes.,en,Tweet,0,0,0,0,,2017-12-22 22:10:55,"<a href=""http://twitter.com"" rel=""nofollow"">Twitter Web Client</a>",,https://www.politico.com/story/2017/12/21/trump-targets-human-rights-abusers-executive-order-russia-255032,,
'943523599826259968',https://t.co/06p6cARvNJ #ddos #nsa DDoS 2.0 - example code.. mass surveillance platforms can be reused extremely easy to destroy anything online,en,Tweet,0,1,1,0,,2017-12-20 17:48:50,"<a href=""http://twitter.com"" rel=""nofollow"">Twitter Web Client</a>","#ddos,#nsa",https://github.com/mikeguidry/antisurveillance/blob/master/cyberwarfare.c,,
'940667417759424512',"RT @undefined: We hope that we won't have to enable censorship circumvention in the United States if ISPs like Comcast take their mediocrity to Xfinity and beyond.

Call your representatives at 202-759-7766 and tell them to support #NetNeutrality.

https://t.co/GkdN1uBPK1",en,Retweet,0,212,134,1,,2017-12-12 20:39:23,"<a href=""http://twitter.com"" rel=""nofollow"">Twitter Web Client</a>",#NetNeutrality,http://battleforthenet.com,,
'942892274605846535',"https://t.co/pZdFYvDvv4 - I wonder what every taxi company in the world has been doing for 70 years... probably not much different, if not worse..",en,Tweet,0,0,0,0,,2017-12-19 00:00:11,"<a href=""http://twitter.com"" rel=""nofollow"">Twitter Web Client</a>",,http://mashable.com/2017/12/15/uber-damning-jacobs-letter-former-employee-waymo-trial/?utm_cid=hp-r-16#hOV.Pa2Maqqy,,
'942832926881976320',I hope people realize I haven't been bluffing at all now.. only giving them a chance.. while simultaneously killing any hard feelings I may have had in the future.. yea.. no more demonstrations coming.,en,Tweet,0,0,0,0,,2017-12-18 20:04:21,"<a href=""http://twitter.com"" rel=""nofollow"">Twitter Web Client</a>",,,,
'942441767483342849',https://t.co/mctyBNSAnx - Avast you suddenly became my hero.,en,Tweet,0,0,0,0,,2017-12-17 18:10:01,"<a href=""http://twitter.com"" rel=""nofollow"">Twitter Web Client</a>",,https://github.com/avast-tl/retdec,,
'942439394203635712',Does it now make sense how I can destroy any company that has stolen my intellectual property regardless of how big they are?not only that..I'm going to teach the world how to do whatever they want as well.  maybe someone shouldve taken my human &amp; civil rights into consideration,en,Tweet,0,0,0,0,,2017-12-17 18:00:35,"<a href=""http://twitter.com"" rel=""nofollow"">Twitter Web Client</a>",,,,
'942436215969722374',"My first amplification test for this weaponization of surveillance platforms was 174x.. 86 bytes = 15k - PCAP: https://t.co/mFQcXAwak7  - It works on ANY web server worldwide...untracable, and impossible to firewall. #nsa",en,Tweet,0,0,0,0,,2017-12-17 17:47:58,"<a href=""http://twitter.com"" rel=""nofollow"">Twitter Web Client</a>",#nsa,https://github.com/mikeguidry/antisurveillance/blob/master/tcp_examples/attack1.pcap.pcapng,,
'942287684499800064',"Every ISP in the world, and surveillance platform can be weaponized using code I'm developing into my anti surveillance platform to allow the largest DDoS attacks which are thus far unseen, and wouldnt have any way to trace, or block.  Documents, and new paper coming. #nsa",en,Tweet,0,0,0,0,,2017-12-17 07:57:45,"<a href=""http://twitter.com"" rel=""nofollow"">Twitter Web Client</a>",#nsa,,,
'942279288103034880',"https://t.co/5lxKsMe7WN - I'm going to ensure US gov investigates how much tax dollars went to drugging, and raping civilians as well...",en,Tweet,0,1,1,1,,2017-12-17 07:24:23,"<a href=""http://twitter.com"" rel=""nofollow"">Twitter Web Client</a>",,http://www.zerohedge.com/news/2017-12-10/pentagon-undergo-first-ever-audit-after-decades-sloppy-accounting-and-missing-trilli,,
'942050328421257217',DDoS 2.0 coming - https://t.co/zDZKCGJ42N  -- will allow biggest attacks the internet has ever seen.. how to use passive monitoring networks/routers to perform DDoS using millions of IPs without hacking any of the machines #nsa #repercussions,en,Tweet,0,0,0,0,,2017-12-16 16:14:35,"<a href=""http://twitter.com"" rel=""nofollow"">Twitter Web Client</a>","#nsa,#repercussions",https://github.com/mikeguidry/antisurveillance,,
'941428975590629378',https://t.co/67SYpATW35 - this is one of the reasons why ill lobby to replace more than likely everyone in government ;)  the rest of the reasons everyone must know by now.,en,Tweet,0,2,0,0,,2017-12-14 23:05:33,"<a href=""http://twitter.com"" rel=""nofollow"">Twitter Web Client</a>",,https://www.wired.com/story/after-fcc-vote-net-neutrality-fight-moves-to-courts-congress/,,
'941331251386028034',https://t.co/2d6CVrZDuF  -- When did the FED stop warning people about losing lots of money on stocks?,en,Tweet,0,0,0,0,,2017-12-14 16:37:14,"<a href=""http://twitter.com"" rel=""nofollow"">Twitter Web Client</a>",,http://money.cnn.com/2017/12/13/investing/bitcoin-janet-yellen-federal-reserve/index.html,,
'939430552700145664',If you've ever been involved w drugging me.. every week I'm adding a single time I'm going to drug everyone involved the last 20 years..  come Monday it'll be a bakers dozen.  Trust me.  Nobody is going to stop me.,en,Tweet,0,0,0,1,,2017-12-09 10:44:32,"<a href=""http://twitter.com"" rel=""nofollow"">Twitter Web Client</a>",,,,
'939261306464501765',"In the future anyone who has been raped, or drugged by gov employees will be personally protected by me to do whatever they want to whomever considering they have worked outside of the law in the first https://t.co/t5XolYJ931 me.I plan on getting rid of these ppl 1 way or another",en,Tweet,0,0,0,0,,2017-12-08 23:32:00,"<a href=""http://twitter.com"" rel=""nofollow"">Twitter Web Client</a>",,http://place.Trust,,
'938887630611275776',"And after I'm done wasting those tax dollars.. I'm going to attack and remove everyone FOR wasting them in the first place.  Why did they put so much resources towards ILLEGAL projects?  .. so its a win-win either way.  Oh yea, they put tax payers dollars towards rape/etc too.",en,Tweet,0,0,0,0,,2017-12-07 22:47:09,"<a href=""http://twitter.com"" rel=""nofollow"">Twitter Web Client</a>",,,,
'938887328004820992',When the US gov wastes decades of your life.. what do you do? sit by and cry? or cause tens of billions of damage?  You all know my choice.,en,Tweet,0,0,0,0,,2017-12-07 22:45:57,"<a href=""http://twitter.com"" rel=""nofollow"">Twitter Web Client</a>",,,,
'938886284520624130',If these idiots at the FCC allow neutrality to pass the way they wish.. that literally is straight corruption because no citizen in the U.S. would ask for the change.  Regardless..,en,Tweet,0,0,0,0,,2017-12-07 22:41:48,"<a href=""http://twitter.com"" rel=""nofollow"">Twitter Web Client</a>",,,,
'938743039652220929',funny enough.. SSL makes it EASIER to thwart NSA surveillance.. they have to literally process it for decryption BEFORE recognizing any of the data.. those systems are about to get so overloaded... they better not expect them to function whatsoever.,en,Tweet,0,0,0,0,,2017-12-07 13:12:36,"<a href=""http://twitter.com"" rel=""nofollow"">Twitter Web Client</a>",,,,
'938427481647927296',"I wonder how  long it'll take for  people to start testing my anti surveillance platforms on botnets worldwide.. I'd imagine mass surveillance is limited to days, not months, or years.. .....",en,Tweet,0,0,0,0,,2017-12-06 16:18:41,"<a href=""http://twitter.com"" rel=""nofollow"">Twitter Web Client</a>",,,,
'938383931585462272',"If you've helped or sat  by and watched anyone abuse my, or other  peoples  human  &amp; civil rights  thne you've  given up your right to complain about anyone abusing yours, or government whatsoever.",en,Tweet,0,1,0,0,,2017-12-06 13:25:38,"<a href=""http://twitter.com"" rel=""nofollow"">Twitter Web Client</a>",,,,
'938165965740797952',"Anti Surveillance project.. 14,000 lines of code.. almost a month -- i did say I would give *everyone* their privacy back.... i havent lied or joked about anything  at all lately.  LOL first release where you can just run it, and itll destroy surveillance in your area very soon",en,Tweet,0,1,0,0,,2017-12-05 22:59:31,"<a href=""http://twitter.com"" rel=""nofollow"">Twitter Web Client</a>",,,,
'938087033490345989',There is no guarantee I will live another 20 years... so I guarantee everyone that I will destroy everyone who has wasted my time.,en,Tweet,0,1,0,0,,2017-12-05 17:45:52,"<a href=""http://twitter.com"" rel=""nofollow"">Twitter Web Client</a>",,,,
'938008811880828935',FYI the NSA wont stop me from destroying companies who have stole my shit.. they cant even stop me from destroying their shit.,en,Tweet,0,0,0,0,,2017-12-05 12:35:02,"<a href=""http://twitter.com"" rel=""nofollow"">Twitter Web Client</a>",,,,
'937891789796671488',"These morons think these actions are 'teaching me something?'  ... LOL .. I'm  about to fuck shit up majorly while they sit around playing stupid games w people lives..yea.. im learning how immature, and unintelligent these intelligence agencies really are.",en,Tweet,0,1,0,0,,2017-12-05 04:50:02,"<a href=""http://twitter.com"" rel=""nofollow"">Twitter Web Client</a>",,,,
'937880954290495490',If you thought it was acceptable to rape US citizens abroad.. then you need not wonder if I mean you.,en,Tweet,0,0,0,0,,2017-12-05 04:06:59,"<a href=""http://twitter.com"" rel=""nofollow"">Twitter Web Client</a>",,,,
'937879159971500032',US gov: now every employee overseas which was involved w crimes against me is my target... i started at the top.. now its time to move down,en,Tweet,0,1,0,0,,2017-12-05 03:59:51,"<a href=""http://twitter.com"" rel=""nofollow"">Twitter Web Client</a>",,,,
'937877247545004034',Right when people thought it couldn't get worse... and they were in control... ok :),en,Tweet,0,0,0,0,,2017-12-05 03:52:15,"<a href=""http://twitter.com"" rel=""nofollow"">Twitter Web Client</a>",,,,
'937606818800553984',Wish I could see the faces of these morons the moment they realized none of my threats were empty.,en,Tweet,0,1,0,0,,2017-12-04 09:57:40,"<a href=""http://twitter.com"" rel=""nofollow"">Twitter Web Client</a>",,,,
'936417136720871424',You guys were only too big to fail before I focused on you.. https://t.co/WAqLyU6Dl2,en,Tweet,0,1,0,0,,2017-12-01 03:10:17,"<a href=""http://twitter.com"" rel=""nofollow"">Twitter Web Client</a>",,https://www.youtube.com/watch?v=L-bvse-sM7Q,,
'936407079421661185',If your a company that has stolen my intellectual property.. dont worry.. I don't wanna take you to court.  Your next :),en,Tweet,0,1,0,0,,2017-12-01 02:30:19,"<a href=""http://twitter.com"" rel=""nofollow"">Twitter Web Client</a>",,,,
'936269857116614656',"If your a doctor just ""doing your job"" by going against my human&amp;civil rights.. and drugging me then you wont take it personal when i destroy your life :)",en,Tweet,0,2,0,0,,2017-11-30 17:25:03,"<a href=""http://twitter.com"" rel=""nofollow"">Twitter Web Client</a>",,,,
'936269388352761856',USA still has these idiots in power?  .. Ok... bye bye mass surveillance.. #nsa #prism https://t.co/zDZKCGJ42N  - 12k lines of code.. itll be finished around 14k... few more python callbacks left.,en,Tweet,0,3,0,0,,2017-11-30 17:23:11,"<a href=""http://twitter.com"" rel=""nofollow"">Twitter Web Client</a>","#nsa,#prism",https://github.com/mikeguidry/antisurveillance,,
'931295557833908224',Didn't somebody stop for a second and think.. if we've been stealing this guys stuff for 20 years... hacking &amp; defense... then maybe it'd be stupid to date rape him *again*  -- wow,en,Tweet,0,0,0,0,,2017-11-16 23:58:58,"<a href=""http://twitter.com"" rel=""nofollow"">Twitter Web Client</a>",,,,
'931289892398669824',I wonder if the pentagon is recognizing their mistakes yet.  I'll give them an ultimatum very soon.  it won't be pleasant.,en,Tweet,0,0,0,0,,2017-11-16 23:36:27,"<a href=""http://twitter.com"" rel=""nofollow"">Twitter Web Client</a>",,,,
'930861574423752705',The repercussions are closer than you think.,en,Tweet,0,0,0,0,,2017-11-15 19:14:28,"<a href=""http://twitter.com"" rel=""nofollow"">Twitter Web Client</a>",,,,
'930497798948171777',"When US intelligence agencies drug you.. they like to use the term ""cleanse....""  little did these guys know.. they were just preparing the stage for me to clean the world of themselves....",en,Tweet,0,0,0,0,,2017-11-14 19:08:57,"<a href=""http://twitter.com"" rel=""nofollow"">Twitter Web Client</a>",,,,
'930296051696840704',is anyone realizing how serious I was when i said the entire command structure would be gone? #nsa,en,Tweet,0,1,0,0,,2017-11-14 05:47:17,"<a href=""http://twitter.com"" rel=""nofollow"">Twitter Web Client</a>",#nsa,,,
'930286108918902784',"https://t.co/zDZKCGJ42N #nsa #surveillance new location for project.. soon DoS on NSA decryption systems, and special 0day coming... 0day on everything.",en,Tweet,0,0,0,0,,2017-11-14 05:07:46,"<a href=""http://twitter.com"" rel=""nofollow"">Twitter Web Client</a>","#nsa,#surveillance",https://github.com/mikeguidry/antisurveillance,,
'929667506096177152',https://t.co/WAqLyU6Dl2 #nsa,qme,Tweet,0,0,0,0,,2017-11-12 12:09:40,"<a href=""http://twitter.com"" rel=""nofollow"">Twitter Web Client</a>",#nsa,https://www.youtube.com/watch?v=L-bvse-sM7Q,,
'929636682189758464',Sharpening my scalpel w every line of code.. ready to cut you morons out of the US gov forever.  https://t.co/7PBfu4acJt,en,Tweet,0,0,0,0,,2017-11-12 10:07:11,"<a href=""http://twitter.com"" rel=""nofollow"">Twitter Web Client</a>",,https://github.com/mikeguidry/clockwork/blob/antisurveillance/modules/anti_surveillance/anti_surveillance.cpp,,
'929231148332539905',It's about to get rough again :),en,Tweet,0,0,0,0,,2017-11-11 07:15:44,"<a href=""http://twitter.com"" rel=""nofollow"">Twitter Web Client</a>",,,,
'927914389835051008',FYI - development of this anti surveillance code is not complete.. I'll release the full blown ready to execute app so anyone can start it.,en,Tweet,0,1,0,0,,2017-11-07 16:03:25,"<a href=""http://twitter.com"" rel=""nofollow"">Twitter Web Client</a>",,,,
'927910475244998661',https://t.co/NWopaL7MdR - This base code can be used to take down mass surveillance worldwide over night... it just requires mootivation,en,Tweet,0,0,0,0,,2017-11-07 15:47:51,"<a href=""http://twitter.com"" rel=""nofollow"">Twitter Web Client</a>",,https://github.com/mikeguidry/clockwork/tree/antisurveillance/modules/anti_surveillance,,
'927910127054872576',"What happens when USA gov steals from, drugs, and rapes US hackers? .. Mass attacks on your *mass* platforms... https://t.co/NWopaL7MdR",en,Tweet,0,0,0,0,,2017-11-07 15:46:28,"<a href=""http://twitter.com"" rel=""nofollow"">Twitter Web Client</a>",,https://github.com/mikeguidry/clockwork/tree/antisurveillance/modules/anti_surveillance,,
'927487258239873024',For everyone who thought my attacks against surveillance platforms were theoretical or too hard.. I just accomplished it in a weekend,en,Tweet,0,0,0,0,,2017-11-06 11:46:08,"<a href=""http://twitter.com"" rel=""nofollow"">Twitter Web Client</a>",,,,
'927486843549048832',"https://t.co/NWopaL7MdR -standalone building of tcp/ip session to pcap done.. once networked w correct IPs, etc.. surveillance networks=done",en,Tweet,0,0,0,0,,2017-11-06 11:44:30,"<a href=""http://twitter.com"" rel=""nofollow"">Twitter Web Client</a>",,https://github.com/mikeguidry/clockwork/tree/antisurveillance/modules/anti_surveillance,,
'927474330128343040',Wait till you guys get sight of what I plan on doing in the future w resources... LOL everything im doing now is a joke in comparison,en,Tweet,0,0,0,0,,2017-11-06 10:54:46,"<a href=""http://twitter.com"" rel=""nofollow"">Twitter Web Client</a>",,,,
'927425469565333506',The US gov will treat its citizens with respect.. considering we are still a democracy.,en,Tweet,0,0,0,0,,2017-11-06 07:40:37,"<a href=""http://twitter.com"" rel=""nofollow"">Twitter Web Client</a>",,,,
'927412201215922177',"Let these releases be a lesson to anyone wishing to waste my time, or fuck me over for the rest of my life.",en,Tweet,0,0,0,0,,2017-11-06 06:47:53,"<a href=""http://twitter.com"" rel=""nofollow"">Twitter Web Client</a>",,,,
'927391942329106432',Wait till you guys see what starts to happen to the corporations whos stolen my technology ;),en,Tweet,0,0,0,0,,2017-11-06 05:27:23,"<a href=""http://twitter.com"" rel=""nofollow"">Twitter Web Client</a>",,,,
'927385630069358592',This source will be my last release related to mass surveillance solely.. I have 2 new years of shit prepared just to get rid of these guys.,en,Tweet,0,0,0,0,,2017-11-06 05:02:18,"<a href=""http://twitter.com"" rel=""nofollow"">Twitter Web Client</a>",,,,
'927383835549069313',I bet people in the US gov told everyone they had things under control huh?  hows it look now?,en,Tweet,0,0,0,0,,2017-11-06 04:55:11,"<a href=""http://twitter.com"" rel=""nofollow"">Twitter Web Client</a>",,,,
'927379379298160641',The best part of it is.. most of the technologies are illegal in nature -- so i can't even be charged.,en,Tweet,0,0,0,0,,2017-11-06 04:37:28,"<a href=""http://twitter.com"" rel=""nofollow"">Twitter Web Client</a>",,,,
'927379145448968192',"https://t.co/fHYzUpEG0X - 2000 lines of code against $52 billion.. yea, dont fuck w people like me inside of a glass house. #nsa",en,Tweet,0,0,0,0,,2017-11-06 04:36:32,"<a href=""http://twitter.com"" rel=""nofollow"">Twitter Web Client</a>",#nsa,https://www.theverge.com/2013/8/29/4672414/leaked-snowden-documents-reveal-details-of-surveillance-budget,,
'927378409633742849',Funny though right?one single person with no resources can destroy mass surveillance worldwide with..looks like less than 2000 lines of code,en,Tweet,0,1,0,0,,2017-11-06 04:33:37,"<a href=""http://twitter.com"" rel=""nofollow"">Twitter Web Client</a>",,,,
'927377415650897927',Its safe to say anyone involved w anything to do w me at any gov agency will be gone shortly.. if not already.,en,Tweet,0,0,0,0,,2017-11-06 04:29:40,"<a href=""http://twitter.com"" rel=""nofollow"">Twitter Web Client</a>",,,,
'927375995568574464',If you thought all of the tasks inside of these papers were difficult- ready made to execute source code is almost done to perform all tasks,en,Tweet,0,0,0,0,,2017-11-06 04:24:01,"<a href=""http://twitter.com"" rel=""nofollow"">Twitter Web Client</a>",,,,
'927374236762636288',"Everyone gets a lot of their privacy back w the next release... PRISM (microsoft, Facebook etc) will remain but limited in nature..",en,Tweet,0,0,0,0,,2017-11-06 04:17:02,"<a href=""http://twitter.com"" rel=""nofollow"">Twitter Web Client</a>",,,,
'927369672999227392',You can't do anything you want to American citizens while living inside of a glass house w rocks already falling down from above.,en,Tweet,0,0,0,0,,2017-11-06 03:58:54,"<a href=""http://twitter.com"" rel=""nofollow"">Twitter Web Client</a>",,,,
'927369058021986304',Bypassing quantum insert attacks #nsa #surveillance #quantuminsert https://t.co/3xW0Vc7Hug -one final document + source code left to release,en,Tweet,0,0,0,0,,2017-11-06 03:56:27,"<a href=""http://twitter.com"" rel=""nofollow"">Twitter Web Client</a>","#nsa,#surveillance,#quantuminsert",http://mikeguidry.net/releases/bypassing_signal_intelligence_platforms.pdf,,
'927368667528138754',Invisible Friends: https://t.co/iL0WH5cbW7 - reversing intelligence relationships on themselves inside mass surveillance platforms #nsa,en,Tweet,0,0,0,0,,2017-11-06 03:54:54,"<a href=""http://twitter.com"" rel=""nofollow"">Twitter Web Client</a>",#nsa,http://mikeguidry.net/releases/invisible_friends_9-16-17.pdf,,
'927367730654863360',Anyone wondering why I would be destroying such things in America?  .. my last fax to congress: https://t.co/KdjCzXILiS #nsa #surveillance,en,Tweet,0,0,0,0,,2017-11-06 03:51:11,"<a href=""http://twitter.com"" rel=""nofollow"">Twitter Web Client</a>","#nsa,#surveillance",http://ns.easystyle.org/congress_fax_9_22_17.pdf,,
'927249456780759045',Did these guys keep fucking with me thinking they created 1984? please.. you may resemble 1984 but its in a glass house about to break,en,Tweet,0,0,0,0,,2017-11-05 20:01:12,"<a href=""http://twitter.com"" rel=""nofollow"">Twitter Web Client</a>",,,,
'927047138613309440',I really dont fuck around.. -- especially after being fucked w by USA for 20 years straight.. even today. sigh morons,en,Tweet,0,0,0,0,,2017-11-05 06:37:16,"<a href=""http://twitter.com"" rel=""nofollow"">Twitter Web Client</a>",,,,
'927024780179595264',FYI -- Ive still been getting drugged.. which is why this is about to get released w a paper.. i wrote about this.. now almost pt &amp;click,en,Tweet,0,0,0,0,,2017-11-05 05:08:25,"<a href=""http://twitter.com"" rel=""nofollow"">Twitter Web Client</a>",,,,
'927024130737737728',remember every day is exponentially worse? https://t.co/EauCfXJa1d #nsa #surveillance .. -- its coming.. all months multiplied.. very soon,en,Tweet,0,0,0,0,,2017-11-05 05:05:50,"<a href=""http://twitter.com"" rel=""nofollow"">Twitter Web Client</a>","#nsa,#surveillance",https://github.com/mikeguidry/clockwork/blob/5b365bafcfdeb20c6afadb7748fa0d899f15ae0c/modules/anti_surveillance/anti_surveillance.cpp,,
'926168665359347712',#nsa #surveillance I said I would give everyone their privacy back since mine has been taken... well here we go. source &amp; papers coming,en,Tweet,0,0,0,0,,2017-11-02 20:26:31,"<a href=""http://twitter.com"" rel=""nofollow"">Twitter Web Client</a>","#nsa,#surveillance",,,
'925590008567910400',Im about to open source software to kill signal intelligence worldwide.. permanently.. and you know what?  I'm glad psychopaths cant use it,en,Tweet,0,0,0,0,,2017-11-01 06:07:09,"<a href=""http://twitter.com"" rel=""nofollow"">Twitter Web Client</a>",,,,
'925588254388301825',"I dont joke, or lie.",en,Tweet,0,0,0,0,,2017-11-01 06:00:11,"<a href=""http://twitter.com"" rel=""nofollow"">Twitter Web Client</a>",,,,
'925588191498907648',Im about to release a program to destroy signal intelligence on the internet worlwide due to their limitations... thank the rapist.,en,Tweet,0,0,0,0,,2017-11-01 05:59:56,"<a href=""http://twitter.com"" rel=""nofollow"">Twitter Web Client</a>",,,,
'925587991606779904',ftp://d.easystyle.org/bypassing_signal_intelligence_platforms.pdf Sigint paper #2 ftp://d.easystyle.org/invisible_friends_9-16-17.pdf,en,Tweet,0,0,0,0,,2017-11-01 05:59:08,"<a href=""http://twitter.com"" rel=""nofollow"">Twitter Web Client</a>",,,,
'925587759129137153',America is about to watch me kill signal intelligence worldwide because they've donne fucked up shit like.. rape me.. dont know what to do,en,Tweet,0,0,0,0,,2017-11-01 05:58:13,"<a href=""http://twitter.com"" rel=""nofollow"">Twitter Web Client</a>",,,,
'917824046523404289',In 2 yrs I believe WSL will replace OSX in my life for good...,en,Tweet,0,0,0,0,,2017-10-10 20:47:59,"<a href=""http://twitter.com"" rel=""nofollow"">Twitter Web Client</a>",,,,
'917237760796385280',@daveaitel @halvarflake I must be in the twilight zone.. the US gov is actively playing roles in stealing technologies in my life.. c'est la vie,en,Reply,0,0,0,0,,2017-10-09 05:58:18,"<a href=""http://twitter.com"" rel=""nofollow"">Twitter Web Client</a>",,,,
'917237122943340544',@JosephBialek I suggested the same whenever heart bleed happened... most of my applications use HEAP_ZERO_MEMORY but kernel/user for all OS could easily,en,Reply,0,0,0,0,,2017-10-09 05:55:46,"<a href=""http://twitter.com"" rel=""nofollow"">Twitter Web Client</a>",,,,
'911828735275540480',https://t.co/X4UbpAGGfx - This is a key element of AI in my opinion.. #ai,en,Tweet,0,0,0,0,,2017-09-24 07:44:46,"<a href=""http://twitter.com"" rel=""nofollow"">Twitter Web Client</a>",#ai,https://www.sciencedaily.com/releases/2017/09/170920144651.htm,,
'911466737606037505',Everyone who didn't question their superiors are gone #nsa #prism #life #reality,en,Tweet,0,0,0,0,,2017-09-23 07:46:19,"<a href=""http://twitter.com/download/iphone"" rel=""nofollow"">Twitter for iPhone</a>","#nsa,#prism,#life,#reality",,,
'909983701936766978',The white house was notified far ahead of time that i'd be releasing things relating to subjects they should take notice of... ok..,en,Tweet,0,0,0,0,,2017-09-19 05:33:15,"<a href=""http://twitter.com"" rel=""nofollow"">Twitter Web Client</a>",,,,
'908831759206420481',https://t.co/DZcEQXFahl Oracle dropped 8%.. Bitcoin something like 10%.. and people are freaking out?,en,Tweet,0,0,0,1,,2017-09-16 01:15:51,"<a href=""http://twitter.com"" rel=""nofollow"">Twitter Web Client</a>",,http://www.businessinsider.com/oracle-stock-dropped-8-after-issuing-disappointing-guidance-2017-9,,
'908687637053149192',"About to release round #2 of papers outlining vulnerabilities + issues w mass surveillance, etc.. #nsa #prism",en,Tweet,0,0,0,0,,2017-09-15 15:43:09,"<a href=""http://twitter.com"" rel=""nofollow"">Twitter Web Client</a>","#nsa,#prism",,,
'902736869636562945',Maybe using MAC address ff:ff:ff:..etc for the hardware mac will at least stop its communications.. thus indirectly disabling.. https://t.co/kw6W0BlMME,en,Tweet,0,1,0,0,,2017-08-30 05:36:56,"<a href=""http://twitter.com"" rel=""nofollow"">Twitter Web Client</a>",,https://x.com/phifli/status/902736538991116288,,
'902736538991116288',https://t.co/1cWhcElewJ - the worse backdoor using 0 length field since sub7 =/ #intel #nsa #backdoor,en,Tweet,0,0,0,0,,2017-08-30 05:35:37,"<a href=""http://twitter.com"" rel=""nofollow"">Twitter Web Client</a>","#intel,#nsa,#backdoor",http://www.zdnet.com/article/researchers-say-intels-management-engine-feature-can-be-switched-off/,,
'897901597866553345',FCC’s favors for Sinclair -- do people not understand this gives private companies power like the NSA ??? https://t.co/rKL1bJ3sLI,en,Tweet,0,0,0,0,,2017-08-16 21:23:17,"<a href=""http://twitter.com/download/iphone"" rel=""nofollow"">Twitter for iPhone</a>",,https://techcrunch.com/2017/08/15/fccs-favors-for-sinclair-are-the-natural-byproduct-of-a-pro-industry-agenda/,,
'892021289858326535',We all know date rape drugs work.  Does that give US military the right to train people by raping them? No.  #nsa #navy #rape #retarded,en,Tweet,0,0,0,0,,2017-07-31 15:57:03,"<a href=""http://twitter.com/download/iphone"" rel=""nofollow"">Twitter for iPhone</a>","#nsa,#navy,#rape,#retarded",,,
'891393301299044352',"Bitcoin Cash is an attack on Bitcoin as a whole, and all crypto currencies.. in the way where a hard fork is going to cause confusion.",en,Tweet,0,0,0,0,,2017-07-29 22:21:38,"<a href=""http://twitter.com"" rel=""nofollow"">Twitter Web Client</a>",,,,
'891359269764968448',Shouldn't facebook let their AI bots code instead of write english? =/,en,Tweet,0,0,0,0,,2017-07-29 20:06:25,"<a href=""http://twitter.com"" rel=""nofollow"">Twitter Web Client</a>",,,,
'891049384040910848',"https://t.co/yTyl451BCe - $3 billion over 15 years for the start of possibly secure plants in USA (easy oversight, etc) whos next?",en,Tweet,0,0,0,0,,2017-07-28 23:35:02,"<a href=""http://twitter.com"" rel=""nofollow"">Twitter Web Client</a>",,https://www.nytimes.com/2017/07/27/business/wisconsin-foxconn-tax-subsidies.html?mcubz=2,,
'887548577781653504',Keep making the mistake of believing your in control.  .. ;) remember last time?,en,Tweet,0,0,0,0,,2017-07-19 07:44:05,"<a href=""http://twitter.com/download/iphone"" rel=""nofollow"">Twitter for iPhone</a>",,,,
'882965563752009728',And it may be possible to extract the same information directly out of Google.... ain't that a bitch #security #google,en,Tweet,0,0,0,0,,2017-07-06 16:12:49,"<a href=""http://twitter.com"" rel=""nofollow"">Twitter Web Client</a>","#security,#google",,,
'882964799713366017',Releasing soon... extracting any password worldwide picked up by the NSA from XKeyscore anonymously online... #nsa #prism #xkeyscore,en,Tweet,0,0,0,0,,2017-07-06 16:09:47,"<a href=""http://twitter.com"" rel=""nofollow"">Twitter Web Client</a>","#nsa,#prism,#xkeyscore",,,
'879413990597812228',https://t.co/egRJBXa8qE - this is the beginning of prism alternatives...,en,Tweet,0,0,0,0,,2017-06-26 21:00:08,"<a href=""http://twitter.com"" rel=""nofollow"">Twitter Web Client</a>",,https://www.theverge.com/2017/6/26/15875102/facebook-microsoft-twitter-youtube-global-internet-forum-counter-terrorism,,
'878925722739503106',"https://t.co/P7lUVKoF6i -bluetooth not good enough to secure 'close connections,'money laundering,brute force to obtain data: CC Addr,etc",en,Tweet,0,0,0,0,,2017-06-25 12:39:56,"<a href=""http://twitter.com"" rel=""nofollow"">Twitter Web Client</a>",,https://infoscience.epfl.ch/record/228219?ln=en,,
'873769363186343936',"I recently release critical vulnerabilities in PRISM, and  other forms of mass surveillance!  Tech is only 50%.. major US tech corps next...",en,Tweet,0,0,0,0,,2017-06-11 07:10:24,"<a href=""http://twitter.com"" rel=""nofollow"">Twitter Web Client</a>",,,,
'873044739200663552',The beginning of the end of mass surveillance.. https://t.co/x6RUWltLHx #PRISM #surveillance #NSA #GCHQ #repercussions #IPTHEFT #iwarnedyou,en,Tweet,0,1,0,0,,2017-06-09 07:11:00,"<a href=""http://twitter.com"" rel=""nofollow"">Twitter Web Client</a>","#PRISM,#surveillance,#NSA,#GCHQ,#repercussions,#IPTHEFT,#iwarnedyou",https://mega.nz/#!MKgmFToI!EceTlLgu8fuSqWomSm2GO0e2_rfe-7eaNQXEdlh48MA,,
'871128751886614528',Its been a couple months since i released documents showing vulnerabilities in 25% of USA signal intelligence.. still getting drugged..NEXT,en,Tweet,0,0,0,0,,2017-06-04 00:17:33,"<a href=""http://twitter.com"" rel=""nofollow"">Twitter Web Client</a>",,,,
'870474460410916864',"""The Xbox 1 uses Microsoft’s Edge browser.Pretty much the same browser that you used once on Windows 10,*to download google Chrome.*-exactly",en,Tweet,0,0,0,0,,2017-06-02 04:57:38,"<a href=""http://twitter.com"" rel=""nofollow"">Twitter Web Client</a>",,,,
'870075871801094144',https://t.co/ldE6CzbUlY - in 2017.. top secret files/passwords leaking like THIS?,en,Tweet,0,2,0,1,,2017-06-01 02:33:47,"<a href=""http://twitter.com"" rel=""nofollow"">Twitter Web Client</a>",,https://thehackernews.com/2017/05/us-defense-contractor.html,,
'869998632900210690',The State Dept. is second on the list for creating false identifiers purely to commit crimes against me.. coercion as well..expect reform,en,Tweet,0,0,0,0,,2017-05-31 21:26:52,"<a href=""http://twitter.com"" rel=""nofollow"">Twitter Web Client</a>",,,,
'869740659015643137',"The FBI is  going to have lawsuits, and to answer for creating fake IDs for people purely to commit crimes against me.. get ready for reform",en,Tweet,0,0,0,0,,2017-05-31 04:21:46,"<a href=""http://twitter.com"" rel=""nofollow"">Twitter Web Client</a>",,,,
'869436334632558596',https://t.co/WPAF0fEOzJ - this is 20% of my brain power the last year.. (not googles.. my own),en,Tweet,0,2,0,1,,2017-05-30 08:12:30,"<a href=""http://twitter.com"" rel=""nofollow"">Twitter Web Client</a>",,https://www.inverse.com/article/31952-ai-google-machine-learning-automl,,
'868575551681900544',"I hope everyone I recently gave an out, and way to walk away mentioned up chain of command.. remember exponentially worse??",en,Tweet,0,0,0,0,,2017-05-27 23:12:03,"<a href=""http://twitter.com/download/iphone"" rel=""nofollow"">Twitter for iPhone</a>",,,,
'868257049783803904',Apple+AI chip in phone + phone facial recog = worldwide person finder via malware,en,Tweet,0,0,0,0,,2017-05-27 02:06:26,"<a href=""http://twitter.com"" rel=""nofollow"">Twitter Web Client</a>",,,,
'868250816389554176',"The morons who let you continue to rape, drug, and fuck with my life... -- You asked for every last thing.",en,Tweet,0,0,0,0,,2017-05-27 01:41:40,"<a href=""http://twitter.com"" rel=""nofollow"">Twitter Web Client</a>",,,,
'867758421164032001',https://t.co/NqZCaJ9XZY - don't worry guys.. I'll give every tech company a sure way to win NSL.. every NSA program has vulnerabilities =/,en,Tweet,0,0,0,0,,2017-05-25 17:05:04,"<a href=""http://twitter.com"" rel=""nofollow"">Twitter Web Client</a>",,https://9to5mac.com/2017/05/23/apple-report-nsl/,,
'867756770588012544',Wouldn't anyone in politics have connections to various countries from the beginning?,en,Tweet,0,0,0,0,,2017-05-25 16:58:30,"<a href=""http://twitter.com"" rel=""nofollow"">Twitter Web Client</a>",,,,
'867754521228955649',For the  people who deserve whats happening... - don't say i didn't warn you.,en,Tweet,0,0,0,0,,2017-05-25 16:49:34,"<a href=""http://twitter.com"" rel=""nofollow"">Twitter Web Client</a>",,,,
'867552717144829952',Telco-Backed Politician Wants to Restore Privacy Rules - killing neutrality allows world to see info(not just NSA) https://t.co/6t24A6S2FU,en,Tweet,0,0,0,0,,2017-05-25 03:27:40,"<a href=""http://twitter.com/download/iphone"" rel=""nofollow"">Twitter for iPhone</a>",,https://apple.news/A8i7CPjJcRna9O9Dlx_PLpw,,
'867551463723192321',What signal is Melania sending? - CNA - maybe she wanted some photos of only her for magazines ?? https://t.co/8AXzVfFl9Z,en,Tweet,0,0,0,0,,2017-05-25 03:22:41,"<a href=""http://twitter.com/download/iphone"" rel=""nofollow"">Twitter for iPhone</a>",,https://apple.news/AB6cym_EoQO2B5uvtGhBT_Q,,
'867544785418162177',"Sessions didnt disclose meets w/Russian officials sec clear

Thank god.. get his &lt;- ass out https://t.co/h7XEiLXtDk https://t.co/AzFk4c2u5k",en,Tweet,0,0,0,0,,2017-05-25 02:56:09,"<a href=""http://twitter.com/download/iphone"" rel=""nofollow"">Twitter for iPhone</a>",,http://www.businessinsider.com/sessions-security-clearance-russian-officials-2017-5,photo,https://pbs.twimg.com/media/DAojYmwXUAEbWJk.jpg
'866732090179670016',"The PATCH Act is going to be quickly irrelevant-who has to release any information if it was automatically found, and exploit gen'd?DarpaCGC",en,Tweet,0,0,0,0,,2017-05-22 21:06:48,"<a href=""http://twitter.com"" rel=""nofollow"">Twitter Web Client</a>",,,,
'865924844415746048',If America truly had a military arsenal in a country that changed regime...USA would have done anything it took as well...,en,Tweet,0,0,0,0,,2017-05-20 15:39:05,"<a href=""http://twitter.com"" rel=""nofollow"">Twitter Web Client</a>",,,,
'865922782743470081',Do you really think Russia would have cared about Crimea if they didn't have such sensitive equipment/information there to not move?,en,Tweet,0,0,0,0,,2017-05-20 15:30:54,"<a href=""http://twitter.com"" rel=""nofollow"">Twitter Web Client</a>",,,,
'865922484327116801',Some people think racism was over long ago yet people complain.. well so was the cold war w russia...,en,Tweet,0,0,0,0,,2017-05-20 15:29:42,"<a href=""http://twitter.com"" rel=""nofollow"">Twitter Web Client</a>",,,,
'865179687873544192',"Us attorney generals, congress, White House.. everyone ignored me and allowed further rape, etc by us gov.. you deserve what's coming :) thx",en,Tweet,0,0,0,0,,2017-05-18 14:18:06,"<a href=""http://twitter.com/download/iphone"" rel=""nofollow"">Twitter for iPhone</a>",,,,
'865179370952032257',The days of you idiots doing what you want are over.. I'm going to take a nice pleasant smile as your peering into the end.. literally..,en,Tweet,0,0,0,0,,2017-05-18 14:16:50,"<a href=""http://twitter.com/download/iphone"" rel=""nofollow"">Twitter for iPhone</a>",,,,
'865171465028718592',@daveaitel Lol in the end we are all the same therefore all irrelevant :(,en,Reply,0,0,0,0,,2017-05-18 13:45:26,"<a href=""http://twitter.com/download/iphone"" rel=""nofollow"">Twitter for iPhone</a>",,,,
'865146454846971906',"RT @undefined: OH: ""Realistically, modern computers only have two document formats: .txt and .exe.""",en,Retweet,0,76,43,6,,2017-05-18 12:06:03,"<a href=""http://twitter.com"" rel=""nofollow"">Twitter Web Client</a>",,,,
'865170874135187458',@halvarflake @daveaitel Literally...,en,Reply,0,0,0,0,,2017-05-18 13:43:05,"<a href=""http://twitter.com/download/iphone"" rel=""nofollow"">Twitter for iPhone</a>",,,,
'865170723769286656',For anyone involved w drugging me nobody is making it out of me killing USsignal intelligence for the next decade :) thanks for being stupid,en,Tweet,0,0,0,0,,2017-05-18 13:42:29,"<a href=""http://twitter.com/download/iphone"" rel=""nofollow"">Twitter for iPhone</a>",,,,
'864243116865441793',Ok.. If the morons who were allowed to date rape and continuously drug me lately thought they weren't going to jail..now they should KNOW it,en,Tweet,0,0,0,0,,2017-05-16 00:16:30,"<a href=""http://twitter.com"" rel=""nofollow"">Twitter Web Client</a>",,,,
'864232746725584904',"Very soon unofficially in the right circles, people will know Mike Guidry being date rapped and other drugs. approved by US gov killed prism",en,Tweet,0,0,0,0,,2017-05-15 23:35:18,"<a href=""http://twitter.com"" rel=""nofollow"">Twitter Web Client</a>",,,,
'864226333051760641',Since I've still been getting drugged etc.. I'm gonna give every tech company a sure win over any surveillance or FISA orders for 5-7 yrs,en,Tweet,0,0,0,0,,2017-05-15 23:09:49,"<a href=""http://twitter.com/download/iphone"" rel=""nofollow"">Twitter for iPhone</a>",,,,
'864057432812769280',"MS should do their due diligence and patch, or put some exploit mitigations into older versions such as XP... XP WAS microsoft..",en,Tweet,0,0,0,0,,2017-05-15 11:58:40,"<a href=""http://twitter.com"" rel=""nofollow"">Twitter Web Client</a>",,,,
'863926129840836608',wow https://t.co/5j54jfEOo3,und,Tweet,0,1,0,0,,2017-05-15 03:16:54,"<a href=""http://twitter.com"" rel=""nofollow"">Twitter Web Client</a>",,https://x.com/nielsstampe/status/863848987736121346,,
'863925829599981568',@osxreverser Agreed.. but i must agree i feel a lot better about MS lately.. they have put a lot of effort into security in comparison to a decade ago,en,Reply,0,0,0,0,,2017-05-15 03:15:43,"<a href=""http://twitter.com"" rel=""nofollow"">Twitter Web Client</a>",,,,
'863924404706832384',#1 i dont agree reversing drug laws.. people are young and stupid.. #2 the attorney general obviously ignored all my human and civil rights,en,Tweet,0,0,0,0,,2017-05-15 03:10:03,"<a href=""http://twitter.com"" rel=""nofollow"">Twitter Web Client</a>",,,,
'863921714236981248',https://t.co/KVUAHNuXCR - ridiculous.. go and waste more tax payers money.. expect lobbying against you shortly,en,Tweet,0,0,0,0,,2017-05-15 02:59:22,"<a href=""http://twitter.com"" rel=""nofollow"">Twitter Web Client</a>",,https://www.aol.com/article/news/2017/05/13/attorney-general-sessions-charts-course-back-to-long-drug-senten/22085123/,,
'863834166944727041',New release coming this week.. you should've left me alone.,en,Tweet,0,0,0,0,,2017-05-14 21:11:29,"<a href=""http://twitter.com"" rel=""nofollow"">Twitter Web Client</a>",,,,
'863291503086620672',PHD fromm the school of wikipedia...,en,Tweet,0,0,0,0,,2017-05-13 09:15:08,"<a href=""http://twitter.com"" rel=""nofollow"">Twitter Web Client</a>",,,,
'861643572067676160',https://t.co/56Lq7xLIMn - 'memory reuse?' why doesnt everyone automatically NULL all memory when allocating? simple fix to a lot of those *,en,Tweet,0,0,0,0,,2017-05-08 20:06:50,"<a href=""http://twitter.com"" rel=""nofollow"">Twitter Web Client</a>",,https://www.offensive-security.com/AWEPAPERS/Exploit_Adobe_Flash_Under_the_Latest_Mitigation_Read.pdf,,
'861642425571303424',https://t.co/IlJ2NV1sbe - this is essentially exactly the same as the NSA.. but sold to anyone/everyone...,en,Tweet,0,0,0,1,,2017-05-08 20:02:17,"<a href=""http://twitter.com"" rel=""nofollow"">Twitter Web Client</a>",,http://www.businessinsider.com/john-oliver-net-neutrality-fcc-2017-5,,
'860994522142126081',https://t.co/iY5RbHoG5N - Can't violence be detected by a neural network pretty easy? weapons.. etc,en,Tweet,0,0,0,0,,2017-05-07 01:07:45,"<a href=""http://twitter.com"" rel=""nofollow"">Twitter Web Client</a>",,https://www.wired.com/2017/04/facebook-live-murder-steve-stephens/,,
'860988921907466241',https://t.co/DylQhyn150 - What country isn't trying to kill Kim?,en,Tweet,0,0,0,0,,2017-05-07 00:45:30,"<a href=""http://twitter.com"" rel=""nofollow"">Twitter Web Client</a>",,http://www.cnn.com/videos/politics/2017/05/05/north-korea-claim-cia-plot-kim-jong-un-starr-tsr-dnt.cnn,,
'856939692146794496',https://t.co/rVMofAkcIS - this guy is fucking everything up..... -- literally.. the repercussions are even worse than what im gonna do,en,Tweet,0,1,0,0,,2017-04-25 20:35:18,"<a href=""http://twitter.com"" rel=""nofollow"">Twitter Web Client</a>",,https://www.washingtonpost.com/news/the-switch/wp/2017/04/25/the-fcc-is-about-to-unveil-its-net-neutrality-roll-back-plan/?utm_term=.a245c878d664,,
'856220848642039808',@SaraKateW @0xabad1dea I am sure many people would appreciate this shirt ;),en,Tweet,0,0,0,0,,2017-04-23 20:58:52,"<a href=""http://twitter.com"" rel=""nofollow"">Twitter Web Client</a>",,,,
'856214244047585280',"@AccentureTech Healthcare cybersecurity faults aren't directly known to healthcare.. but causes massive issues in identity theft, etc... #AI #healthcare",en,Tweet,0,0,0,0,,2017-04-23 20:32:38,"<a href=""http://twitter.com"" rel=""nofollow"">Twitter Web Client</a>","#AI,#healthcare",,,
'855217861991780352',https://t.co/B8nMabTWVE - wow..  if only it could stop the magnetic strip from being read.. we shall see,en,Tweet,0,0,0,0,,2017-04-21 02:33:22,"<a href=""http://twitter.com"" rel=""nofollow"">Twitter Web Client</a>",,https://tech.slashdot.org/story/17/04/20/1031258/mastercard-is-building-fingerprint-scanners-directly-into-its-cards,,
'854945376159354880',https://t.co/Sny9yO3gzN,zxx,Tweet,0,0,0,0,,2017-04-20 08:30:36,"<a href=""http://twitter.com"" rel=""nofollow"">Twitter Web Client</a>",,,photo,https://pbs.twimg.com/media/C91gSC_WAAA0q0_.jpg
'854811735076810752',In other words... if companies won't fix the issues.. then the best thing to do is remove the devices from the internet,en,Reply,0,0,0,0,,2017-04-19 23:39:33,"<a href=""http://twitter.com"" rel=""nofollow"">Twitter Web Client</a>",,,,
'854809360161222658',Brickerbot seems like the only way to secure the internet from IoT - https://t.co/0zfPk8XWdx,en,Tweet,0,0,0,1,,2017-04-19 23:30:07,"<a href=""http://twitter.com"" rel=""nofollow"">Twitter Web Client</a>",,http://www.zdnet.com/article/homeland-security-warns-of-brickerbot-malware-that-destroys-unsecured-internet-connected-devices/,,
'853861837695266816',Don't say I didn't warn you.,en,Tweet,0,0,0,0,,2017-04-17 08:45:00,"<a href=""http://twitter.com"" rel=""nofollow"">Twitter Web Client</a>",,,,
'853335609754226690',@thegrugq https://t.co/tWuiCOHPfp and others... https://t.co/vGXjG84ZW8 -- you'll love info leaks in mass surveillance ;),en,Tweet,0,0,0,0,,2017-04-15 21:53:58,"<a href=""http://twitter.com"" rel=""nofollow"">Twitter Web Client</a>",,"https://mega.nz/#!BmRl0Trb!lZb4AzYrToAPHgDLUezYaY7ZtfXSBglLA--WqepAjYM,https://mega.nz/#F!QnZRXKyS!oluyILlMPpyJjPS57w7axQ",,
'853335287019307010',@ChrisJohnRiley Logging everything can open you up to attacks as well.. just saying ;) https://t.co/tWuiCOHPfp - not the same.. but you can fill HD space,en,Reply,0,0,0,0,,2017-04-15 21:52:41,"<a href=""http://twitter.com"" rel=""nofollow"">Twitter Web Client</a>",,https://mega.nz/#!BmRl0Trb!lZb4AzYrToAPHgDLUezYaY7ZtfXSBglLA--WqepAjYM,,
'853334440289939465',@mdowd MS would be ridiculous not to throw a few bitcoins at that situation...,en,Reply,0,0,0,0,,2017-04-15 21:49:19,"<a href=""http://twitter.com"" rel=""nofollow"">Twitter Web Client</a>",,,,
'853333567539224576',https://t.co/Y8VFjsb88L - Kudos to Michael Kranch  for thinking outside the box.. most original release ive come across in awhile #security,en,Tweet,0,0,0,0,,2017-04-15 21:45:51,"<a href=""http://twitter.com"" rel=""nofollow"">Twitter Web Client</a>",#security,https://www.theregister.co.uk/2017/04/12/breaking_bad_privacy_protection_boffin_beats_netflix_https/,,
'853327522389520385',@josephfcox @taviso Why would the NSA contact anyone for any reason? I don't understand why people expect an organization coined with 'never say anything' would,en,Reply,0,0,0,0,,2017-04-15 21:21:50,"<a href=""http://twitter.com"" rel=""nofollow"">Twitter Web Client</a>",,,,
'852237856944910337',I gave NSA/GCHQ a few days to react.. about time to move on to whats next.,en,Tweet,0,0,0,0,,2017-04-12 21:11:53,"<a href=""http://twitter.com"" rel=""nofollow"">Twitter Web Client</a>",,,,
'851323555799343105',Mass Surveillance opens up information leak vulnerabilities! #surveillance #cybersecurity #hacking PDF: https://t.co/tWuiCOHPfp,fr,Tweet,0,0,0,0,,2017-04-10 08:38:47,"<a href=""http://twitter.com"" rel=""nofollow"">Twitter Web Client</a>","#surveillance,#cybersecurity,#hacking",https://mega.nz/#!BmRl0Trb!lZb4AzYrToAPHgDLUezYaY7ZtfXSBglLA--WqepAjYM,,
'836341610430484481',"Cyber security bugs are the wrong focus.It should always be mitigation of classes of exploits,or defense against penetration--nice waste of$",en,Tweet,0,0,0,0,,2017-02-27 23:25:53,"<a href=""http://twitter.com"" rel=""nofollow"">Twitter Web Client</a>",,,,
'834776600763731968',"RT @undefined: Super excited to release Unicorn Emulator v1.0, with lots of bug fixes, new APIs &amp; 3 more bindings added! Plz RT

https://t.co/azGQreLr4f",en,Retweet,1,39,47,2,,2017-02-23 15:47:05,"<a href=""http://twitter.com"" rel=""nofollow"">Twitter Web Client</a>",,http://www.unicorn-engine.org/Version-1.0,,
'834074947622428672',https://t.co/8A9JgVgLGL - it'd have been less than a few gigabytes if they used windows API to turn audio to text *sigh*,en,Tweet,0,0,0,0,,2017-02-21 17:18:58,"<a href=""http://twitter.com"" rel=""nofollow"">Twitter Web Client</a>",,https://arstechnica.com/security/2017/02/hackers-who-took-control-of-pc-microphones-siphon-600-gb-from-70-targets/,,
'832231226350125058',"""I like raw answers. I walk away from people who are too polished,"" said Komal Mangtani, director of engineering. -- hell yeah",en,Tweet,0,0,0,0,,2017-02-16 15:12:41,"<a href=""http://twitter.com"" rel=""nofollow"">Twitter Web Client</a>",,,,
'831787571063701504',"I've decided to wait until I'm paid, within litigation, or at least discussion before ever doing another company in USA.  Waiting won't last",en,Tweet,0,0,0,0,,2017-02-15 09:49:45,"<a href=""http://twitter.com/download/iphone"" rel=""nofollow"">Twitter for iPhone</a>",,,,
'831782580982800386',My life will not continue to be put on hold after 18 years of bullshit already... oh well... gotta do what we gotta do.,en,Tweet,0,0,0,0,,2017-02-15 09:29:55,"<a href=""http://twitter.com"" rel=""nofollow"">Twitter Web Client</a>",,,,
'830431103655739392',Had 2 serious nosebleeds from 800mg ibuprofen/4hrs for 2 weeks often.. I've had neck issues for 10yrs.. two sides to DEA/opiate 'epidemic..',en,Tweet,0,0,0,0,,2017-02-11 15:59:38,"<a href=""http://twitter.com"" rel=""nofollow"">Twitter Web Client</a>",,,,
'829082187341426688',"RT @undefined: MySQL Injection in  Update, Insert and Delete https://t.co/5R5vJU3SsN via @OsandaMalith",en,Retweet,1,38,35,1,,2017-02-07 22:39:31,"<a href=""http://twitter.com"" rel=""nofollow"">Twitter Web Client</a>",,https://osandamalith.com/2017/02/08/mysql-injection-in-update-insert-and-delete/,,
'823980518383435776',5 year goal: hack every computer on the planet,en,Tweet,0,2,0,1,,2017-01-24 20:47:19,"<a href=""http://twitter.com/download/iphone"" rel=""nofollow"">Twitter for iPhone</a>",,,,
'817566345172779016',"Shouldn't debt buyers be held to same standards as banks for holding consumer socials, etc? security..now it makes more sense about ID thft",en,Tweet,0,0,0,0,,2017-01-07 03:59:40,"<a href=""http://twitter.com"" rel=""nofollow"">Twitter Web Client</a>",,,,
'815910907054276608',Without recognizing it.. cyber warfare became so easy its a game now :(,en,Tweet,0,0,0,0,,2017-01-02 14:21:33,"<a href=""http://twitter.com/download/iphone"" rel=""nofollow"">Twitter for iPhone</a>",,,,
'814934593073614848',When I wanna piss you off you better believe it happens and will change things forever.,en,Tweet,0,0,0,0,,2016-12-30 21:42:02,"<a href=""http://twitter.com/download/iphone"" rel=""nofollow"">Twitter for iPhone</a>",,,,
'812369594874757120',#snoopsnitch #mia miami airport imsi catcher says snoop snitch... download it.,en,Tweet,0,0,0,0,,2016-12-23 19:49:39,"<a href=""http://twitter.com/download/iphone"" rel=""nofollow"">Twitter for iPhone</a>","#snoopsnitch,#mia",,,
'811115538776752128',F.U.T.W. this isn't revenge.. I just decided to stop keeping things private.  I'm going to begin discussing vulns/attacks publicly...future,en,Tweet,0,0,0,0,,2016-12-20 08:46:28,"<a href=""http://twitter.com"" rel=""nofollow"">Twitter Web Client</a>",,,,
'810983517433856000',Wanna find someone's true history? Check how many of their hacked accounts appear online.,en,Tweet,0,0,0,0,,2016-12-20 00:01:52,"<a href=""http://twitter.com/download/iphone"" rel=""nofollow"">Twitter for iPhone</a>",,,,
'810972876711071744',https://t.co/29DdIVRuNj - America doesn't do any of this themselves.,en,Tweet,0,0,0,0,,2016-12-19 23:19:35,"<a href=""http://twitter.com"" rel=""nofollow"">Twitter Web Client</a>",,http://www.nytimes.com/2016/12/15/us/politics/russian-hackers-election.html?mabReward=A5&recp=2&moduleDetail=recommendations-2&action=click&contentCollection=Europe&region=Footer&module=WhatsNext&version=WhatsNext&contentID=WhatsNext&src=recg&pgtype=article,,
'808294310483525632',Hows trump going to fail if... https://t.co/44cogwZfaF ? seems like a great start to me ;),en,Tweet,0,0,0,0,,2016-12-12 13:55:55,"<a href=""http://twitter.com"" rel=""nofollow"">Twitter Web Client</a>",,http://www.cnn.com/2016/12/12/politics/china-trump-one-china-reaction/index.html,,
'808089347350265857',The doctors who decided to rape + drug me with fight or flight mode for so many years cannot be protected in a democracy... its a fact,en,Tweet,0,0,0,0,,2016-12-12 00:21:28,"<a href=""http://twitter.com"" rel=""nofollow"">Twitter Web Client</a>",,,,
'808088675020054528',"If you people believe you can continue to drug me after straight rape, thousands of other incidents/w panic attacks, etc..your psycho-jail..",en,Tweet,0,0,0,0,,2016-12-12 00:18:48,"<a href=""http://twitter.com"" rel=""nofollow"">Twitter Web Client</a>",,,,
'808073591875059712',to the people who have tried to play god with my life.. ill bring you back down to earth hard within the next 5 years :) all of you..,en,Tweet,0,0,0,0,,2016-12-11 23:18:52,"<a href=""http://twitter.com"" rel=""nofollow"">Twitter Web Client</a>",,,,
'807738593653522432',mark zuckerburg definitely shouldn't give up control or majority shares of facebook for *2* years in gov... why not just lobby?,en,Tweet,0,0,0,0,,2016-12-11 01:07:42,"<a href=""http://twitter.com"" rel=""nofollow"">Twitter Web Client</a>",,,,
'801585729038061569',#microsoft can you please attempt to save users data a little more on insider updates ? Makes it practically useless,en,Tweet,0,0,0,0,,2016-11-24 01:38:25,"<a href=""http://twitter.com/download/iphone"" rel=""nofollow"">Twitter for iPhone</a>",#microsoft,,,
'801020016070041600',"""Trump is no ordinary Republican and does not necessarily have the party in his pocket,"" Wilson says -- well said.. the only reason im happy",en,Tweet,0,0,0,0,,2016-11-22 12:10:28,"<a href=""http://twitter.com"" rel=""nofollow"">Twitter Web Client</a>",,,,
'801019710074593281',"https://t.co/zsMasWBNSM - shouldnt this be normal anywhere now? w average police having exploits, and trojans... as well as corp/etc spying",en,Tweet,0,0,0,0,,2016-11-22 12:09:15,"<a href=""http://twitter.com"" rel=""nofollow"">Twitter Web Client</a>",,http://www.zdnet.com/article/is-encrypted-e-mail-a-must-in-the-trump-presidential-era/,,
'800658312102547456',USA went from being being proud of gov/mil to despising in only 15yrs. and we still get a new slate every election--maybe we'll use it?,en,Tweet,0,0,0,0,,2016-11-21 12:13:11,"<a href=""http://twitter.com"" rel=""nofollow"">Twitter Web Client</a>",,,,
'800275347111448576',"People act like other news sites (cnn, etc), and in general  haven't been capable of swaying elections for a hundred years- in every country",en,Tweet,0,0,0,0,,2016-11-20 10:51:25,"<a href=""http://twitter.com"" rel=""nofollow"">Twitter Web Client</a>",,,,
'799951219229945856',https://t.co/30uoh5WCcb - it took 14 years to create this? .. wow it could be hacked together from 3-4 projects on github in 30 days,en,Tweet,0,0,0,0,,2016-11-19 13:23:27,"<a href=""http://twitter.com"" rel=""nofollow"">Twitter Web Client</a>",,https://eugene.kaspersky.com/2016/11/15/finally-our-own-os-oh-yes/,,
'799950557737783296',https://t.co/oceol2zGBi - wasnt everyone except obama slightly anti-islamic?,en,Tweet,0,0,0,0,,2016-11-19 13:20:49,"<a href=""http://twitter.com"" rel=""nofollow"">Twitter Web Client</a>",,https://www.washingtonpost.com/world/national-security/trumps-security-picks-deepen-muslim-worries-about-an-anti-islamic-white-house/2016/11/18/d7796cc6-add6-11e6-8b45-f8e493f06fcd_story.html,,
'798448422403670018',"this time - every CEO of every major insurance company in USA, every investment firm in silicon valley, every congress/senator,etc.. friday",en,Tweet,0,0,0,0,,2016-11-15 09:51:53,"<a href=""http://twitter.com"" rel=""nofollow"">Twitter Web Client</a>",,,,
'798087655552532480',"lol then i forgot the love of my life is in USA (for the time being) ;) . b w all these gov auth rape charges, etc. we'll see future",en,Tweet,0,0,0,0,,2016-11-14 09:58:19,"<a href=""http://twitter.com"" rel=""nofollow"">Twitter Web Client</a>",,,,
'798087454494523392',Close to leaving for good and taking over a small country =/,en,Tweet,0,0,0,0,,2016-11-14 09:57:31,"<a href=""http://twitter.com"" rel=""nofollow"">Twitter Web Client</a>",,,,
'798065365641261056',"Members of the public are entitled to be able to trust lawyers to protect their property, liberty, and their lives.",en,Tweet,0,0,0,0,,2016-11-14 08:29:45,"<a href=""http://twitter.com"" rel=""nofollow"">Twitter Web Client</a>",,,,
'798037502938353664',Xilinx+Altera - please rewrite your tools.. -- you may have more long term sales?,en,Tweet,0,0,0,0,,2016-11-14 06:39:02,"<a href=""http://twitter.com"" rel=""nofollow"">Twitter Web Client</a>",,,,
'798020546508111873',If you harm even one citizen... you probably shouldn't work in government anymore..,en,Tweet,0,0,0,0,,2016-11-14 05:31:39,"<a href=""http://twitter.com"" rel=""nofollow"">Twitter Web Client</a>",,,,
'797972052447662080',vote for a nazi free america!,en,Tweet,0,0,0,0,,2016-11-14 02:18:57,"<a href=""http://twitter.com"" rel=""nofollow"">Twitter Web Client</a>",,,,
'797248887199297540',"I see the future: you saying ""make it stop.."" :)",en,Tweet,0,0,0,0,,2016-11-12 02:25:21,"<a href=""http://twitter.com/#!/download/ipad"" rel=""nofollow"">Twitter for iPad</a>",,,,
'797248768739569664',I hope your business insurance isn't the same as my medical...,en,Tweet,0,0,0,0,,2016-11-12 02:24:53,"<a href=""http://twitter.com/#!/download/ipad"" rel=""nofollow"">Twitter for iPad</a>",,,,
'797240376075624448',How to destroy 10 corporations in 10 days...,en,Tweet,0,0,0,0,,2016-11-12 01:51:32,"<a href=""http://twitter.com"" rel=""nofollow"">Twitter Web Client</a>",,,,
'794095398092673024',where in the world does last resort treatments start before discussion?  wow..,en,Tweet,0,0,0,0,,2016-11-03 09:34:31,"<a href=""http://twitter.com"" rel=""nofollow"">Twitter Web Client</a>",,,,
'794076450236284933',https://t.co/DAgEJlBmtB - Us controlling robots WITHOUT real AI = more harmful.. kudos,en,Tweet,0,0,0,0,,2016-11-03 08:19:13,"<a href=""http://twitter.com"" rel=""nofollow"">Twitter Web Client</a>",,https://www.theguardian.com/technology/2016/aug/30/rise-of-robots-evil-artificial-intelligence-uc-berkeley,,
'794026753291354113',1 AI will be more beneficial than all 6 billion people coding 24 hours a day -- I can't wait to set its goals.  ;),en,Tweet,0,0,0,0,,2016-11-03 05:01:44,"<a href=""http://twitter.com"" rel=""nofollow"">Twitter Web Client</a>",,,,
'792604645344546816',If you start to judge me about all of this (remov whtevr allowed) then remember one thing before you do you didnt get drugged the past 18 yr,en,Tweet,0,0,0,0,,2016-10-30 06:50:47,"<a href=""http://twitter.com"" rel=""nofollow"">Twitter Web Client</a>",,,,
'792603707582152704',The unfunny thing is if you spoke to me directly I may have attempted another option as medical treatment for memory loss 15 yrs ago..morons,en,Tweet,0,0,0,0,,2016-10-30 06:47:04,"<a href=""http://twitter.com"" rel=""nofollow"">Twitter Web Client</a>",,,,
'792586589062955008',"10,000+ counts of assault.. 50+ sexual assault.. we will have a grand jury just to figure out how to quantify it exactly.. trust me.",en,Tweet,0,0,0,0,,2016-10-30 05:39:03,"<a href=""http://twitter.com"" rel=""nofollow"">Twitter Web Client</a>",,,,
'792307234428559360',Almost two decades of musical chairs with doctors -- and not one had a simple single conversation with me about it directly.. wow.. WTF?,en,Tweet,0,0,0,0,,2016-10-29 12:08:59,"<a href=""http://twitter.com"" rel=""nofollow"">Twitter Web Client</a>",,,,
'792305193325043712',Every time I am forgetting things it means I am losing hundreds of millions of connections in my brain... god should have you drop dead =/,en,Tweet,0,0,0,0,,2016-10-29 12:00:53,"<a href=""http://twitter.com"" rel=""nofollow"">Twitter Web Client</a>",,,,
'792296591205859328',If your designing PCB boards..keep in mind to check that you can find your parts in Eagle so its much easier:)before u order thm #pcb #eagle,en,Tweet,0,0,0,0,,2016-10-29 11:26:42,"<a href=""http://twitter.com"" rel=""nofollow"">Twitter Web Client</a>","#pcb,#eagle",,,
'792296123490795520',"You guys ensured I'll get something like a indian reservation somewhere in each of the states that have authorized this.. yeah, not a game",en,Tweet,0,0,0,0,,2016-10-29 11:24:50,"<a href=""http://twitter.com"" rel=""nofollow"">Twitter Web Client</a>",,,,
'792295894985150465',I was going to wait for private court FYI.. but more of my life is being wasted &amp; fucked with.. i see the only option is to force people out,en,Tweet,0,0,0,0,,2016-10-29 11:23:56,"<a href=""http://twitter.com"" rel=""nofollow"">Twitter Web Client</a>",,,,
'792295553031962624',Guess now everyone knows why I wasn't getting arrested for saying nonsense while being drugged.. like shutting down the inet.. gov auth rape,en,Tweet,0,0,0,0,,2016-10-29 11:22:34,"<a href=""http://twitter.com"" rel=""nofollow"">Twitter Web Client</a>",,,,
'792289446280433664',Theres some major generl knowledge of any case I'vebeen involved in since 2000 that will get anyone disbarred in reality once fought against,en,Tweet,0,0,0,0,,2016-10-29 10:58:18,"<a href=""http://twitter.com"" rel=""nofollow"">Twitter Web Client</a>",,,,
'792288318293696513',Prep for court..it might be hard to use your old attorneys soon due to disbarment for 10 reasons once we have to go to court=/waste my time.,en,Tweet,0,0,0,0,,2016-10-29 10:53:49,"<a href=""http://twitter.com"" rel=""nofollow"">Twitter Web Client</a>",,,,
'792172434103361536',"Mass mail of ""SEXUAL OFFENDER REGISTRY BOARD / Level 3 Sex Offender Community Notification"" this kinda shit..yeah, keep fucking w/up my life",en,Tweet,0,0,0,0,,2016-10-29 03:13:20,"<a href=""http://twitter.com"" rel=""nofollow"">Twitter Web Client</a>",,,,
'792171949984247808',I'm going to start sending out my own sexual predator list very shortly.. everyone included that may have been involved until court i guess,en,Tweet,0,0,0,0,,2016-10-29 03:11:25,"<a href=""http://twitter.com"" rel=""nofollow"">Twitter Web Client</a>",,,,
'792166389909946369',Do people really believe when they sit by and allow things to happen that those are the limits of the people acting? yea fucking right.,en,Tweet,0,0,0,0,,2016-10-29 02:49:19,"<a href=""http://twitter.com"" rel=""nofollow"">Twitter Web Client</a>",,,,
'792165721501495296',To any friends who sat and let things happen w out attempting to do ANYTHING about it..theres more+youll be shocked when you hear about it,en,Tweet,0,0,0,0,,2016-10-29 02:46:40,"<a href=""http://twitter.com"" rel=""nofollow"">Twitter Web Client</a>",,,,
'792164947664961536',"Kinda fked^ that I sent the FL attorney general messages abt being drugged,etc and SINCE those I've been drugged w date rape drugs sev times",en,Tweet,0,0,0,0,,2016-10-29 02:43:35,"<a href=""http://twitter.com"" rel=""nofollow"">Twitter Web Client</a>",,,,
'792155471742439424',I'm gonna send my story to every government building in all 50 states+every business/place within 3 block radius.. along w email/snail/fax:),en,Tweet,0,0,0,0,,2016-10-29 02:05:56,"<a href=""http://twitter.com"" rel=""nofollow"">Twitter Web Client</a>",,,,
'792088432524849152',Insurance companies worldwide better expect class action lawsuits in the next decade going back 50 years for any uses of this on anyone else,en,Tweet,0,0,0,0,,2016-10-28 21:39:33,"<a href=""http://twitter.com"" rel=""nofollow"">Twitter Web Client</a>",,,,
'792087953505980417',If you have a job killing peoples brain-cells (without consent)in any industry.. I suggest you quit before I get to you :),en,Tweet,0,0,0,0,,2016-10-28 21:37:39,"<a href=""http://twitter.com"" rel=""nofollow"">Twitter Web Client</a>",,,,
'791834029913993216',One of these insurance companies might as well sign over all 100% shares to me...or literally just shutdown and bankrupt... what else?,en,Tweet,0,0,0,0,,2016-10-28 04:48:38,"<a href=""http://twitter.com"" rel=""nofollow"">Twitter Web Client</a>",,,,
'791833882370990080',"Rape=Jail, Non-consent Drugging=Losing License, Surveillance+Actors=100k+ hours of deposition,High frequency as child=you dont wanna know...",en,Tweet,0,1,0,0,,2016-10-28 04:48:03,"<a href=""http://twitter.com"" rel=""nofollow"">Twitter Web Client</a>",,,,
'791777885543604224',Since you keep wasting my life away and fucking with it... 30-50% of the chain of command will be done pretty shortly after this release..,en,Tweet,0,0,0,0,,2016-10-28 01:05:33,"<a href=""http://twitter.com"" rel=""nofollow"">Twitter Web Client</a>",,,,
'791578932168581122',"I'm talking the thousands of non-consenting medications that were given that caused panic attacks, and other scenarios over 18 years....",en,Tweet,0,0,0,0,,2016-10-27 11:54:58,"<a href=""http://twitter.com"" rel=""nofollow"">Twitter Web Client</a>",,,,
'791578676475420672',Any pharmaceutical company who dispensed medications that went into my system.. I will end up owning you -- and it won't continue to happen.,en,Tweet,0,0,0,0,,2016-10-27 11:53:57,"<a href=""http://twitter.com"" rel=""nofollow"">Twitter Web Client</a>",,,,
'791578250246053888',2017+ -- The gov won't be damaging or allowing further damage to peoples minds.  Trust me.. as far as medial+insurance..get ready for change,en,Tweet,0,1,0,0,,2016-10-27 11:52:16,"<a href=""http://twitter.com"" rel=""nofollow"">Twitter Web Client</a>",,,,
'791577412198866944',I wouldn't have imagined any of these actions being possible.. especially being a 'free' American.,en,Tweet,0,0,0,0,,2016-10-27 11:48:56,"<a href=""http://twitter.com"" rel=""nofollow"">Twitter Web Client</a>",,,,
'791577269684830208',"If I knew that the government would approve such retarded, and Nazi-ish tactics... then it might not have took 18 years for me to realize",en,Tweet,0,0,0,0,,2016-10-27 11:48:22,"<a href=""http://twitter.com"" rel=""nofollow"">Twitter Web Client</a>",,,,
'791577196452319232',Governments authorized and fueld psychologic issues -- If your going to approve this on citizens then every citizen should know its possible,en,Tweet,0,0,0,0,,2016-10-27 11:48:05,"<a href=""http://twitter.com"" rel=""nofollow"">Twitter Web Client</a>",,,,
'791439542083616768',"Exposure as well for any medical ""professional"" that hasn't complained formally throughout this as well... yup. The Exposure is real.",en,Tweet,0,0,0,0,,2016-10-27 02:41:05,"<a href=""http://twitter.com/download/iphone"" rel=""nofollow"">Twitter for iPhone</a>",,,,
'791439323958747137',Exposure is real.  If your a lawyer on my side or other..better have your complaints copied for me to senior.  Read laws.. I'm your client?,en,Tweet,0,0,0,0,,2016-10-27 02:40:13,"<a href=""http://twitter.com/download/iphone"" rel=""nofollow"">Twitter for iPhone</a>",,,,
'791362103722577920',"You dont need a statistician 2 know ""smear"" campaign exponentially hardr2defend against if its all 100% real.0 https://t.co/nM19prBpKy over.",en,Tweet,0,0,0,0,,2016-10-26 21:33:22,"<a href=""http://twitter.com"" rel=""nofollow"">Twitter Web Client</a>",,http://wins.Game,,
'791355927014277120',It's time to use the 6 degrees of separation to my utmost advantage.  Enjoy.,en,Tweet,0,0,0,0,,2016-10-26 21:08:50,"<a href=""http://twitter.com"" rel=""nofollow"">Twitter Web Client</a>",,,,
'791328326291902464',@phifli im talking AI specifically and the diff between it understanding hurting robots or humans and deciding between them.. no AI yet.,en,Reply,0,0,0,0,,2016-10-26 19:19:09,"<a href=""http://twitter.com"" rel=""nofollow"">Twitter Web Client</a>",,,,
'791328182842654720',https://t.co/9crTeBD13K - 0% diff between a robot that hacks and kills something... actually it will prob end up killing humans before hack,en,Tweet,0,0,0,1,,2016-10-26 19:18:35,"<a href=""http://twitter.com"" rel=""nofollow"">Twitter Web Client</a>",,http://www.nytimes.com/2016/10/26/us/pentagon-artificial-intelligence-terminator.html?_r=0,,
'791283286370844672',"If you dnt know what a drug does,you shouldnt be using it on other *random* (non-consen) people.. and if you DO know-you should b locked up.",en,Tweet,0,0,0,0,,2016-10-26 16:20:11,"<a href=""http://twitter.com"" rel=""nofollow"">Twitter Web Client</a>",,,,
'791280670136004608',The fact that I created a new password and forgot it from 2 weeks ago means your killing my brain cells still TODAY.. there will be reprocus,en,Tweet,0,0,0,0,,2016-10-26 16:09:47,"<a href=""http://twitter.com"" rel=""nofollow"">Twitter Web Client</a>",,,,
'791141856667131906',The future looks soo soo bright.  I assure you things are going to be changing around these parts.. (the world),en,Tweet,0,1,0,0,,2016-10-26 06:58:11,"<a href=""http://twitter.com"" rel=""nofollow"">Twitter Web Client</a>",,,,
'791141732075307009',"Mlt countries &amp; rape charges.. Countless grand juries(many charges, crimes, and assailants) + hundreds of thousands of hours of deposition..",en,Tweet,0,0,0,0,,2016-10-26 06:57:42,"<a href=""http://twitter.com"" rel=""nofollow"">Twitter Web Client</a>",,,,
'791141150686056449',Terrorists and people in prison obviously have more rights than I do.... Wow.  You guys think I'm crazy at times? ... wake up.,en,Tweet,0,0,0,0,,2016-10-26 06:55:23,"<a href=""http://twitter.com"" rel=""nofollow"">Twitter Web Client</a>",,,,
'791087611473461248',I def suggest Teensy&gt;Arduino..lots faster &amp; goes into breadboard!I have no problems w arduino.. but it hangs &amp; gets annoying except shields,en,Tweet,0,0,0,0,,2016-10-26 03:22:38,"<a href=""http://twitter.com"" rel=""nofollow"">Twitter Web Client</a>",,,,
'790991034343907328',Game Over. https://t.co/h98lWoSDAI,en,Tweet,0,0,0,0,,2016-10-25 20:58:53,"<a href=""http://twitter.com"" rel=""nofollow"">Twitter Web Client</a>",,,photo,https://pbs.twimg.com/media/CvoqGvoWEAAQ5bm.jpg
'790731735331921922',Whats the diff between being drugged and losing sections of brain cells/neurons and someone cutting u and cutting off chunks of your flesh?,en,Tweet,0,0,0,0,,2016-10-25 03:48:31,"<a href=""http://twitter.com"" rel=""nofollow"">Twitter Web Client</a>",,,,
'790623298233233408',thx for ensuring &amp; insuring access to the International Criminal Court...I SERIOUSLY appreciate your nonsense.,en,Tweet,0,0,0,0,,2016-10-24 20:37:38,"<a href=""http://twitter.com"" rel=""nofollow"">Twitter Web Client</a>",,,,
'788042007541264385',"RT @undefined: ""Nobody should be priced out of a higher education."" —@POTUS on the progress we've made: https://t.co/4YohVv7Qea https://t.co/VhdDVIJg43",en,Retweet,0,1437,463,119,,2016-10-17 17:40:30,"<a href=""https://about.twitter.com/products/tweetdeck"" rel=""nofollow"">TweetDeck</a>",,http://go.wh.gov/1NuNrf,photo,https://pbs.twimg.com/media/Cu-vzDyUAAAkeDW.jpg
'788153923496476672',"Hololens needs HoloTube like commands for regular apps (recenter, follow me, make bigger/smaller, etc) #hololens #microsoft #UI",en,Tweet,0,0,0,0,,2016-10-18 01:05:13,"<a href=""http://twitter.com"" rel=""nofollow"">Twitter Web Client</a>","#hololens,#microsoft,#UI",,,
'788099860385923073',"RT @undefined: New gov application security engineers, security ops engineers &amp; penetration testers now hired at the GS-15 level. https://t.co/5GpPzIAUp0",en,Retweet,0,26,16,4,,2016-10-17 21:30:23,"<a href=""http://twitter.com"" rel=""nofollow"">Twitter Web Client</a>",,http://www.nextgov.com/cybersecurity/2016/10/tech-unit-stretches-federal-pay-system-recruit-cyber-talent/132332/,,
'788057909473251328',@Privoro DNS is down for A records... Is Privoro still going to ship already ordered products?,en,Tweet,0,0,0,0,,2016-10-17 18:43:41,"<a href=""http://twitter.com"" rel=""nofollow"">Twitter Web Client</a>",,,,
'786904321292132354',@IamMiscreant skype me eazystyle,fr,Reply,0,0,0,0,,2016-10-14 14:19:44,"<a href=""http://www.twitter.com"" rel=""nofollow"">Twitter for Windows</a>",,,,
'786596096327884804',@0xabad1dea I am wondering if you have a list of devices to share (and their frequencies for emissions) - ever considered using SDR to jam?,en,Tweet,0,0,0,0,,2016-10-13 17:54:58,"<a href=""http://twitter.com"" rel=""nofollow"">Twitter Web Client</a>",,,,
'786588762075635712',https://t.co/cJX7EF3fDY - bank accounts *can* automatically calculate your tax information for you - they already organize all transactions,en,Tweet,0,0,0,0,,2016-10-13 17:25:49,"<a href=""http://twitter.com"" rel=""nofollow"">Twitter Web Client</a>",,https://www.wired.com/2016/10/obama-filing-taxes-easy-ordering-pizza/,,
'786586983225171968',https://t.co/NsF4kQvhn8 - absolutely.. i could create one in another year or two that can hack anything.,en,Tweet,0,0,0,0,,2016-10-13 17:18:45,"<a href=""http://twitter.com"" rel=""nofollow"">Twitter Web Client</a>",,https://www.wired.com/2016/10/obamas-concerned-ai-hack-americas-nukes/,,
'786466535661383681',If you didnt recognize the post saying Id create social unrest was a joke.. but Minority Report type calculations are already possible today,en,Tweet,0,0,0,0,,2016-10-13 09:20:08,"<a href=""http://twitter.com"" rel=""nofollow"">Twitter Web Client</a>",,,,
'786465301428711424',"CIA’s siren servers..If they are successful in doing that, there would be no need for the CIA -- soon we wont need nearly as much as now",en,Tweet,0,0,0,0,,2016-10-13 09:15:14,"<a href=""http://twitter.com"" rel=""nofollow"">Twitter Web Client</a>",,,,
'786464942207606784',https://t.co/7ZBX7yC1EW - let me setup my super computer architecture and i can setup social unrest -- not only predict ;),en,Tweet,0,0,0,0,,2016-10-13 09:13:48,"<a href=""http://twitter.com"" rel=""nofollow"">Twitter Web Client</a>",,http://sociable.co/technology/cia-siren-servers-social-uprisings/,,
'785477230394740736',"My story hasn't changed -- the new allegations were always there, however I just was waiting to deal with them behind closed doors...",en,Tweet,0,0,0,0,,2016-10-10 15:48:59,"<a href=""http://twitter.com"" rel=""nofollow"">Twitter Web Client</a>",,,,
'785168277584613376',"https://t.co/XKmcxzPbwX - Sure, we can.  This is not a game.. or joke.  Cyber crime isn't that sophisticated....",en,Tweet,0,0,0,0,,2016-10-09 19:21:19,"<a href=""http://twitter.com"" rel=""nofollow"">Twitter Web Client</a>",,http://www.zdnet.com/article/were-not-going-to-beat-cybercrime-in-our-lifetime-says-ex-fbi-cyber-chief/,,
'784404113975087104',"This will include finding new candidates for local government across USA, and funding their campaigns...Change will incur within a decade..",en,Tweet,0,0,0,0,,2016-10-07 16:44:48,"<a href=""http://twitter.com"" rel=""nofollow"">Twitter Web Client</a>",,,,
'784403827126521856',"I'll create a think-tank and cover every major city, and state in USA to really make change without just talking about it. MSG me if ur exp",en,Tweet,0,0,0,0,,2016-10-07 16:43:40,"<a href=""http://twitter.com"" rel=""nofollow"">Twitter Web Client</a>",,,,
'784403335457759232',I spent a decade not realizing I was being drugged everywhere constantly and I posted 100% positive things.. now its time for reality. - me?,en,Tweet,0,0,0,0,,2016-10-07 16:41:43,"<a href=""http://twitter.com"" rel=""nofollow"">Twitter Web Client</a>",,,,
'784402376094519296',Whats more imporant?What ppl who know me see on my social media?All +cheery sht? or truth showing about shit ignored?and US gov allows now?,en,Tweet,0,0,0,0,,2016-10-07 16:37:54,"<a href=""http://twitter.com"" rel=""nofollow"">Twitter Web Client</a>",,,,
'784376222549676032',If a doctor decides to drug me again without my consent -- I swear to god I'll have you in a straight jacket before its over.. not a joke.,en,Tweet,0,0,0,0,,2016-10-07 14:53:59,"<a href=""http://twitter.com"" rel=""nofollow"">Twitter Web Client</a>",,,,
'784364369455017984',Sorry!!! were a dozen date rape scenarios in my life a medical procedure??Oh maybe I need to reconsider? Well Ive had it dosed to me&lt;6mo ago,en,Tweet,0,0,0,0,,2016-10-07 14:06:53,"<a href=""http://twitter.com"" rel=""nofollow"">Twitter Web Client</a>",,,,
'784349918039334912',I was going to keep all of this private until court bt since this shit just hasnt ended and I'm still having my time and life wasted.. fk it,en,Tweet,0,0,0,0,,2016-10-07 13:09:27,"<a href=""http://twitter.com"" rel=""nofollow"">Twitter Web Client</a>",,,,
'784344934035951616',As promised .. keep wasting my life (time) and drugging me.. and you'll regret it more and more every day.,en,Tweet,0,0,0,0,,2016-10-07 12:49:39,"<a href=""http://twitter.com"" rel=""nofollow"">Twitter Web Client</a>",,,,
'784344550458396672',I assure you that if you survived my last message -- You won't from this one.,en,Tweet,0,0,0,0,,2016-10-07 12:48:07,"<a href=""http://twitter.com"" rel=""nofollow"">Twitter Web Client</a>",,,,
'784344368509485056',I'm gonna be sending another message to all Senators (this time) titled - When doctors go unchecked with government authorization-lets see..,en,Tweet,0,0,0,0,,2016-10-07 12:47:24,"<a href=""http://twitter.com"" rel=""nofollow"">Twitter Web Client</a>",,,,
'784332032499265536',At what point is rape not considered rape?Is it OK when the government allowed doctors to make decisions where they prescribed D.R. drugs?,en,Tweet,0,0,0,0,,2016-10-07 11:58:23,"<a href=""http://twitter.com"" rel=""nofollow"">Twitter Web Client</a>",,,,
'784331807411933184',https://t.co/xxL8R5mZli - wouldnt a backdoor/rootkit just fake information to this tool? :( *sigh* at least hes not under 100% surveillance,en,Tweet,0,0,0,0,,2016-10-07 11:57:29,"<a href=""http://twitter.com"" rel=""nofollow"">Twitter Web Client</a>",,https://motherboard.vice.com/read/ex-nsa-hacker-creates-tool-to-warn-you-of-webcam-spies,,
'784331434555092992',https://t.co/qtncFrQCj0 - why was booz allen holding NSA attack tools (usually used by military) anyhow?  even if its 'other' stolen code,en,Tweet,0,0,0,0,,2016-10-07 11:56:00,"<a href=""http://twitter.com"" rel=""nofollow"">Twitter Web Client</a>",,https://boingboing.net/2016/10/05/another.html,,
'783828339068899328',:( - the face when u have to explain to your investors that you lost $ because your I.P. was stolen from a hacker :/,en,Tweet,0,0,0,0,,2016-10-06 02:36:53,"<a href=""http://twitter.com"" rel=""nofollow"">Twitter Web Client</a>",,,,
'783336441984221184',There's medicine &amp; sci then there's witchcraft... one ruined half my life and won't last long in this country.. I bet.  I'll ensure of that.,en,Tweet,0,0,0,0,,2016-10-04 18:02:16,"<a href=""http://twitter.com/download/iphone"" rel=""nofollow"">Twitter for iPhone</a>",,,,
'783228997861838848',"1 LNX master core host = 155,520 Xeon cores..2 RAM Chips Each.. redundancy.. etc... working on a new supercomputer architecture :)fully sec",en,Tweet,0,0,0,0,,2016-10-04 10:55:19,"<a href=""http://twitter.com"" rel=""nofollow"">Twitter Web Client</a>",,,,
'783156522864041984',Keypoint(OPM) didn't get attacked-they hired a foreign national to administrate the DB- At least a lot of other companies can claim exploits,en,Tweet,0,0,0,0,,2016-10-04 06:07:20,"<a href=""http://twitter.com"" rel=""nofollow"">Twitter Web Client</a>",,,,
'783150872574488576',https://t.co/3F2EE0h50v continuation of more national security problems...,en,Tweet,0,0,0,0,,2016-10-04 05:44:52,"<a href=""http://twitter.com"" rel=""nofollow"">Twitter Web Client</a>",,http://www.zdnet.com/article/the-company-linked-to-opm-hack-just-got-hired-by-the-government-again/-,,
'782781697599344640',I'll show how a single line on the internet replicated(or going viral) can change the world :),en,Tweet,0,0,0,0,,2016-10-03 05:17:54,"<a href=""http://twitter.com"" rel=""nofollow"">Twitter Web Client</a>",,,,
'782413119503101952',"Imagin waking up and realize your family allowed the NSA to begin stealing your technologies at 13 y/o, and then worse..What to do?DntBlm&lt;",en,Tweet,0,0,0,0,,2016-10-02 04:53:18,"<a href=""http://twitter.com"" rel=""nofollow"">Twitter Web Client</a>",,,,
'782412346861973504',"This isn't me declaring war... It's already began .. along time ago.  This is me just saying I'm prepared to follow through, and trust me ..",en,Tweet,0,0,0,0,,2016-10-02 04:50:14,"<a href=""http://twitter.com"" rel=""nofollow"">Twitter Web Client</a>",,,,
'782410974208942080',If a corporation is using my intellectual prop and hasn't paid me.. (nobody has).. then don't consider it a long term viable biz.. *warning*,en,Tweet,0,0,0,0,,2016-10-02 04:44:47,"<a href=""http://twitter.com"" rel=""nofollow"">Twitter Web Client</a>",,,,
'781936964341751809',I won't consider this spam since its about my civil &amp; human rights....,en,Tweet,0,0,0,0,,2016-09-30 21:21:14,"<a href=""http://twitter.com"" rel=""nofollow"">Twitter Web Client</a>",,,,
'781182845561802753',https://t.co/85dozj8Zei - thank lawd jesus...,en,Tweet,0,0,0,0,,2016-09-28 19:24:38,"<a href=""http://twitter.com"" rel=""nofollow"">Twitter Web Client</a>",,http://www.csmonitor.com/Science/2016/0927/Did-your-zodiac-sign-change-Don-t-worry-NASA-says-astrology-is-still-fake,,
'781169811011371009',"interesting how Sony is considered critical infrastructure due to free speech (and n korea, etc) and rage against the machine got screwed :(",en,Tweet,0,0,0,0,,2016-09-28 18:32:51,"<a href=""http://twitter.com"" rel=""nofollow"">Twitter Web Client</a>",,,,
'780232221328306176',https://t.co/sWbG320Huw - isnt this the greatest on site backdoor? who checks behind every TV.. every day? its even better than sheva plug..,en,Tweet,0,0,0,0,,2016-09-26 04:27:12,"<a href=""http://twitter.com"" rel=""nofollow"">Twitter Web Client</a>",,https://www-ssl.intel.com/content/www/us/en/compute-stick/intel-compute-stick.html,,
'779827835028381697',https://t.co/ShlFBVn2WN - i think this is a great project for learning electronics (Arduino's AVR chips + motor control chips),en,Tweet,0,0,0,0,,2016-09-25 01:40:19,"<a href=""http://twitter.com"" rel=""nofollow"">Twitter Web Client</a>",,http://samy.pl/magspoof/,,
'778448996620566528',It sucks whenever you have to brute force your own password because... you have amnesia due to ... actions that are illegal &amp; inhumane...wow,en,Tweet,0,0,0,0,,2016-09-21 06:21:18,"<a href=""http://twitter.com"" rel=""nofollow"">Twitter Web Client</a>",,,,
'778072067694399488',I'm starting to feel its my duty as a security researcher to tell Gemalto about the bugs in their SIM cards... hmmmmm.....,en,Tweet,0,0,0,0,,2016-09-20 05:23:31,"<a href=""http://twitter.com"" rel=""nofollow"">Twitter Web Client</a>",,,,
'778016118308937728',https://t.co/22oAFvoMsy - dont pay for this... or you'll only allow better hackers to go unnoticed inside of your network =/,en,Tweet,0,0,0,0,,2016-09-20 01:41:12,"<a href=""http://twitter.com"" rel=""nofollow"">Twitter Web Client</a>",,http://www.theregister.co.uk/2016/07/07/unmasking_malware_in_tls_connections_it_can_be_done_say_cisco_researchers/,,
'778015269608235008',https://t.co/M43TqeSyWE - DNSSEC = joke...,en,Tweet,0,0,0,0,,2016-09-20 01:37:49,"<a href=""http://twitter.com"" rel=""nofollow"">Twitter Web Client</a>",,https://motherboard.vice.com/read/the-encryption-key-that-secures-the-web-is-being-changed-for-the-first-time,,
'776083907938623489',And if youve been wondering.. Yes I've still been getting drugged w out my consent..,en,Tweet,0,0,0,0,,2016-09-14 17:43:17,"<a href=""http://twitter.com/download/iphone"" rel=""nofollow"">Twitter for iPhone</a>",,,,
'776080405673963521',Everything it takes to shutdown communications in a city for weeks to months :/ https://t.co/k0Xj5qEYU9,en,Tweet,0,0,0,0,,2016-09-14 17:29:22,"<a href=""http://twitter.com/download/iphone"" rel=""nofollow"">Twitter for iPhone</a>",,,photo,https://pbs.twimg.com/media/CsUxAhjWgAAXLGf.jpg
'775731545881673728',Docker OSX Better: screen ~/Library/Containers/com.docker.docker/Data/com.docker.driver.amd64-linux/tty -access console-now just to free spc,en,Tweet,0,0,0,0,,2016-09-13 18:23:07,"<a href=""http://twitter.com"" rel=""nofollow"">Twitter Web Client</a>",,,,
'775720584785326080',https://t.co/QeqRCzkccI -Yeah. how do you give someone who leaked hundreds of thousands of classified documents anything but a 'fair trial?',en,Tweet,0,0,0,0,,2016-09-13 17:39:34,"<a href=""http://twitter.com"" rel=""nofollow"">Twitter Web Client</a>",,http://www.theinquirer.net/inquirer/news/2470587/aclu-and-amnesty-appeal-to-obama-to-pardon-edward-snowden,,
'775372208784965632',https://t.co/QqobWaJUiI - this is exactly how online crime is evolving.. and becoming a normal 'natural' career path...,en,Tweet,0,0,0,0,,2016-09-12 18:35:14,"<a href=""http://twitter.com"" rel=""nofollow"">Twitter Web Client</a>",,https://www.youtube.com/watch?v=plVk4NVIUh8,,
'774811916342587392',Down to my 1 last surprise 0day... And it's the most interesting.. I thnk I'll keep it a surprise since I'll obviously have to publicize oth,en,Tweet,0,0,0,0,,2016-09-11 05:28:50,"<a href=""http://twitter.com/download/iphone"" rel=""nofollow"">Twitter for iPhone</a>",,,,
'773166348683837440',@lwnnet can't catch yourself ;),en,Reply,0,0,0,0,,2016-09-06 16:29:56,"<a href=""http://twitter.com/download/iphone"" rel=""nofollow"">Twitter for iPhone</a>",,,,
'772800657690591233',https://t.co/zJEVWxvsdg - this is just another reason why marijuana should be legal..,en,Tweet,0,0,0,0,,2016-09-05 16:16:49,"<a href=""http://twitter.com"" rel=""nofollow"">Twitter Web Client</a>",,http://www.rollingstone.com/culture/news/florida-zombie-drug-flakka-everything-you-need-to-know-w435074,,
'772199086711828480',Natl Sec will always req. a mil. solution.. every other branch of gov literally works for US as citizens.somewhere i think we frgot/ignored,en,Tweet,0,0,0,0,,2016-09-04 00:26:23,"<a href=""http://twitter.com"" rel=""nofollow"">Twitter Web Client</a>",,,,
'771698596102168576',https://t.co/27Qne9Fz2d - considering Secret Service mustve been protecting/knowing about hilary's email.. y does anyone care??,en,Tweet,0,0,0,0,,2016-09-02 15:17:37,"<a href=""http://twitter.com"" rel=""nofollow"">Twitter Web Client</a>",,http://www.cbsnews.com/news/obama-restores-lifetime-secret-service-for-former-presidents/,,
'771594483972485120',New site for finding torrents: https://t.co/GLsWwv9oip - go DMCA! You request a removal.. and I can search and find the links there.. LOL,en,Tweet,0,0,0,0,,2016-09-02 08:23:55,"<a href=""http://twitter.com"" rel=""nofollow"">Twitter Web Client</a>",,http://lumendatabase.org,,
'771542989034233856',Between Civ/Human rights violations.. this week alone is going to fund 6 political campaigns within the next 5 yrs.. #uhoh #change,en,Tweet,0,0,0,0,,2016-09-02 04:59:17,"<a href=""http://twitter.com"" rel=""nofollow"">Twitter Web Client</a>","#uhoh,#change",,,
'771348065890467840',"https://t.co/3vZG1GfNUU ""We are preparing for massive civil war.. says DHS informant"" - are these people morons?",en,Tweet,0,0,0,0,,2016-09-01 16:04:44,"<a href=""http://twitter.com"" rel=""nofollow"">Twitter Web Client</a>",,https://www.youtube.com/watch?v=ZViuts8RQRY,,
'771343752413712384',@phifli A lot has changed since Al Capone... ;) (if the media didn't mess that one up as well...),en,Reply,0,0,0,0,,2016-09-01 15:47:36,"<a href=""http://twitter.com"" rel=""nofollow"">Twitter Web Client</a>",,,,
'771343544661323778',https://t.co/BI0OG2DGja - isnt it a fact that every gov is the biggest mob in their country?... and most mobs have I.C. ties? LOL,en,Tweet,0,0,0,1,,2016-09-01 15:46:46,"<a href=""http://twitter.com"" rel=""nofollow"">Twitter Web Client</a>",,http://www.wsj.com/articles/donald-trump-dealt-with-a-series-of-people-who-had-mob-ties-1472736922,,
'770641148222111744',"RT @undefined: Keystroke Recognition from Wi-Fi Distortion: This is interesting research: ""Keystroke Recognition Using WiFi ... https://t.co/5u38Az7qJR",en,Retweet,0,27,37,1,,2016-08-30 17:15:42,"<a href=""http://erased17_HS5iDNPvEo.com"" rel=""nofollow"">erased17_HS5iDNPvEo</a>",,http://bit.ly/2c7AVPz,,
'770625196533219328',"RT @undefined: w0w, this Capstone-powered web-based disassembler from MongoDB is getting very impressive!

https://t.co/I3GNhOFsKb https://t.co/CLPIZGWwHY",en,Retweet,0,119,81,0,,2016-08-30 16:12:19,"<a href=""http://twitter.com"" rel=""nofollow"">Twitter Web Client</a>",,https://github.com/mongodb-labs/disasm,animated_gif,https://pbs.twimg.com/tweet_video_thumb/CrHOfHXVUAEzlHV.jpg
'770667421824851968',"Of Opera’s 350 million users, only 1.7 million used sync in the last month, meaning the fallout is likely limited. - extremely limited..",en,Tweet,0,0,0,0,,2016-08-30 19:00:06,"<a href=""http://twitter.com/download/iphone"" rel=""nofollow"">Twitter for iPhone</a>",,,,
'770389263510859776',https://t.co/3XkY01Z0qC  - wow this is pretty major.. =/,en,Tweet,0,0,0,0,,2016-08-30 00:34:48,"<a href=""http://twitter.com"" rel=""nofollow"">Twitter Web Client</a>",,https://packetstormsecurity.com/news/view/26943/Opera-Resets-Passwords-After-Sync-Server-Hacked.html,,
'770379393642426368',https://t.co/0SHA3Fz00X - how is any type of official voting not already considered critical infrastructure?,en,Tweet,0,0,0,0,,2016-08-29 23:55:35,"<a href=""http://twitter.com"" rel=""nofollow"">Twitter Web Client</a>",,https://www.dhs.gov/news/2016/08/15/readout-secretary-johnsons-call-state-election-officials-cybersecurity,,
'769687096260984832',F.U.T.W. #life #motivation #control #reality https://t.co/DwxsFWQliM,en,Tweet,0,0,0,0,,2016-08-28 02:04:38,"<a href=""http://twitter.com/download/iphone"" rel=""nofollow"">Twitter for iPhone</a>","#life,#motivation,#control,#reality",https://www.youtube.com/watch?v=p-cKH6JPTAk&feature=share,,
'769595957994553344',Poker game regardless.. #10=bgp jack=DNS queen=worm King=sim.. Still have an ace up my sleeve.. And so tired of more time melting away :),en,Tweet,0,0,0,0,,2016-08-27 20:02:29,"<a href=""http://twitter.com/download/iphone"" rel=""nofollow"">Twitter for iPhone</a>",,,,
'769437464821899264',https://t.co/X4TmzKZYvg,zxx,Tweet,0,0,0,0,,2016-08-27 09:32:41,"<a href=""http://twitter.com"" rel=""nofollow"">Twitter Web Client</a>",,http://www.wired.com/2016/08/white-house-proposes-new-immigration-rule-entrepreneurs/,,
'769435573589250048',@martijn_grooten @cedoxX @lorenzoFB Who in their right mind would waste 3 zero days on the same guy? ... UAE can do it while hes asleep..,en,Reply,0,0,0,0,,2016-08-27 09:25:10,"<a href=""http://twitter.com"" rel=""nofollow"">Twitter Web Client</a>",,,,
'769435363517562881',"@marcograss @bsdaemon I think its very possible to analyze an application, and generate an external CFG configuration.. doubt MS would trust",en,Reply,0,0,0,0,,2016-08-27 09:24:20,"<a href=""http://twitter.com"" rel=""nofollow"">Twitter Web Client</a>",,,,
'769377890450436096',@matthew_d_green Lack of imagination seems to be a widespread disease... =/,en,Reply,0,0,0,0,,2016-08-27 05:35:58,"<a href=""http://twitter.com"" rel=""nofollow"">Twitter Web Client</a>",,,,
'768996130931765248',"Y lobby the presidency when it's more statistically possible to get what you want w congress, senators, and other aspects of gov?",en,Tweet,0,0,0,0,,2016-08-26 04:18:59,"<a href=""http://twitter.com/download/iphone"" rel=""nofollow"">Twitter for iPhone</a>",,,,
'768591058582241282',"Anyone know anyone w experience manufacturing bio drugs, or crispr? Plz contact mike@unifieddefense.net",en,Tweet,0,0,0,0,,2016-08-25 01:29:22,"<a href=""http://twitter.com/download/iphone"" rel=""nofollow"">Twitter for iPhone</a>",,,,
'768169504090230785',@AndreaBarisani Did you guys ever finish the USB armory wifi?,en,Reply,0,0,0,0,,2016-08-23 21:34:16,"<a href=""http://twitter.com"" rel=""nofollow"">Twitter Web Client</a>",,,,
'766428093439369216',"I don't like lobbying as a concept.. However,  I can't wait to start.",en,Tweet,0,0,0,0,,2016-08-19 02:14:31,"<a href=""http://twitter.com/download/iphone"" rel=""nofollow"">Twitter for iPhone</a>",,,,
'766232716484288512',Our social nature purely expresses that people should never be backed into a corner... :/,en,Tweet,0,0,0,0,,2016-08-18 13:18:10,"<a href=""http://twitter.com/download/iphone"" rel=""nofollow"">Twitter for iPhone</a>",,,,
'765791989073936384',@lulzSACxo @Snowden I feel the same way.. especially about the 2-3 former TAO empls who commented on it... wow.. https://t.co/706rMQt7ON,en,Tweet,0,0,0,0,,2016-08-17 08:06:52,"<a href=""http://twitter.com"" rel=""nofollow"">Twitter Web Client</a>",,https://www.washingtonpost.com/world/national-security/powerful-nsa-hacking-tools-have-been-revealed-online/2016/08/16/bce4f974-63c7-11e6-96c0-37533479f3f5_story.html,,
'765791083586543616',@Snowden Kinda funny that statements of leaks to affect our foreign policy are coming from you =/,en,Reply,0,0,0,0,,2016-08-17 08:03:16,"<a href=""http://twitter.com"" rel=""nofollow"">Twitter Web Client</a>",,,,
'765785543372308481',https://t.co/0h9TkrSULq - TAO leak.. why arent they using custom python/binary loaders + encrypted exploits if on remote servers?? sigh :(,en,Tweet,0,0,0,0,,2016-08-17 07:41:15,"<a href=""http://twitter.com"" rel=""nofollow"">Twitter Web Client</a>",,https://github.com/nneonneo/eqgrp-free-file,,
'765780294595215360',https://t.co/7yIThVcgE7 - is the NSA TAO/hackers were literally hacked.. im shocked &amp; think that there better be some changes happening..,en,Tweet,0,0,0,0,,2016-08-17 07:20:24,"<a href=""http://twitter.com"" rel=""nofollow"">Twitter Web Client</a>",,http://www.nytimes.com/2016/08/17/us/shadow-brokers-leak-raises-alarming-question-was-the-nsa-hacked.html?_r=0,,
'765548937881071616',New 0day to deanonymize tor... Lol.. Ay  Yi Yi .. And a few others ;),en,Tweet,0,0,0,0,,2016-08-16 16:01:04,"<a href=""http://twitter.com/download/iphone"" rel=""nofollow"">Twitter for iPhone</a>",,,,
'764360024013451264',Trust me.. I won't have a price.,en,Tweet,0,0,0,0,,2016-08-13 09:16:45,"<a href=""http://twitter.com/download/iphone"" rel=""nofollow"">Twitter for iPhone</a>",,,,
'764290319143673856',@moong1ider lol secure account in Russia gtld.. Not real more like poker face ;),en,Reply,0,0,0,0,,2016-08-13 04:39:46,"<a href=""http://twitter.com/download/iphone"" rel=""nofollow"">Twitter for iPhone</a>",,,,
'764290105976639489',USA 3.0 - I hope this transition doesn't take longer than our daily percent of falling behind ... Sigh,en,Tweet,0,0,0,0,,2016-08-13 04:38:55,"<a href=""http://twitter.com/download/iphone"" rel=""nofollow"">Twitter for iPhone</a>",,,,
'764285779203887104',@eficker @nudehaberdasher @0xcharlie @defcon @thedarktangent seriously? It was car hacking? He created a can detection years ago... sigh,en,Reply,0,0,0,0,,2016-08-13 04:21:44,"<a href=""http://twitter.com/download/iphone"" rel=""nofollow"">Twitter for iPhone</a>",,,,
'764285556561805313',@jack_daniel use some automated grammar fixing w random injections of other stories and your all good,en,Reply,0,0,0,0,,2016-08-13 04:20:51,"<a href=""http://twitter.com/download/iphone"" rel=""nofollow"">Twitter for iPhone</a>",,,,
'764285372339593216',@abby_ebooks @thegrugq seriously? I have yet to meet another who won't sell out...,en,Reply,0,0,0,0,,2016-08-13 04:20:07,"<a href=""http://twitter.com/download/iphone"" rel=""nofollow"">Twitter for iPhone</a>",,,,
'764285237765431296',"@JimGonyea @thegrugq @fivemack @cstross no sir, it's only as strong as your weakest employee..",en,Tweet,0,0,0,0,,2016-08-13 04:19:35,"<a href=""http://twitter.com/download/iphone"" rel=""nofollow"">Twitter for iPhone</a>",,,,
'764285089907748864',"@linuxtoday VMware forever changed the world, and put linux in the spotlight... That's a fact.  Yes,  copyright is a problem but it's facts",en,Reply,0,0,0,0,,2016-08-13 04:18:59,"<a href=""http://twitter.com/download/iphone"" rel=""nofollow"">Twitter for iPhone</a>",,,,
'764284512406691840',@marcusjcarey who knows?,en,Reply,0,0,0,0,,2016-08-13 04:16:42,"<a href=""http://twitter.com/download/iphone"" rel=""nofollow"">Twitter for iPhone</a>",,,,
'764284342654808066',@phifli did I mention I have software concepts for 30% of that? ;),en,Reply,0,0,0,0,,2016-08-13 04:16:01,"<a href=""http://twitter.com/download/iphone"" rel=""nofollow"">Twitter for iPhone</a>",,,,
'764283629895766016',"I have a decade of changes predicted, and USA will be more on top than ever.  Citizens will feel more comfortable.. And with 0 secur issues",en,Tweet,0,0,0,1,,2016-08-13 04:13:11,"<a href=""http://twitter.com/download/iphone"" rel=""nofollow"">Twitter for iPhone</a>",,,,
'764278840180953089',It's time for 3.0 and everyone knows it.. I'll get us there ;),en,Tweet,0,0,0,0,,2016-08-13 03:54:09,"<a href=""http://twitter.com/download/iphone"" rel=""nofollow"">Twitter for iPhone</a>",,,,
'764276623604523008',I promise the American people will be better off afterwards...,en,Tweet,0,0,0,0,,2016-08-13 03:45:21,"<a href=""http://twitter.com/download/iphone"" rel=""nofollow"">Twitter for iPhone</a>",,,,
'764274696393068544',"The trial w grand jury on my 18th bday will be broken w lawyers, overturned, and put under microscope.. Everything falls afterwards.",en,Tweet,0,0,0,0,,2016-08-13 03:37:41,"<a href=""http://twitter.com/download/iphone"" rel=""nofollow"">Twitter for iPhone</a>",,,,
'764273962809384960',Human/civil rights violations w practically 0% privacy != cushy gov job ;) I promise.... Check yourself.. Tomorrow is too late.,en,Tweet,0,0,0,0,,2016-08-13 03:34:46,"<a href=""http://twitter.com/download/iphone"" rel=""nofollow"">Twitter for iPhone</a>",,,,
'764271503961567232',Gotta love democracy...,en,Tweet,0,0,0,0,,2016-08-13 03:25:00,"<a href=""http://twitter.com/download/iphone"" rel=""nofollow"">Twitter for iPhone</a>",,,,
'764271257122582528',"Anyone in ""charge"" won't be within 5 years, courtesy of yourselves.  You waste my life, then i destroy exactly how much my time means..",en,Tweet,0,0,0,0,,2016-08-13 03:24:01,"<a href=""http://twitter.com/download/iphone"" rel=""nofollow"">Twitter for iPhone</a>",,,,
'764269939490377729',Blunt force trauma is all USA seems to understand.. Expect changes in every sector.. And trust me.. Test phases and jokes are over. :),en,Tweet,0,0,0,0,,2016-08-13 03:18:47,"<a href=""http://twitter.com/download/iphone"" rel=""nofollow"">Twitter for iPhone</a>",,,,
'762953617380782080',RT @undefined: #Witchcraft new reverse engineering techniques https://t.co/zaGPonVN1d #Defcon #WCC #Compilers https://t.co/hekBA4itdl,en,Retweet,0,40,39,0,,2016-08-09 12:08:12,"<a href=""http://twitter.com"" rel=""nofollow"">Twitter Web Client</a>","#Witchcraft,#Defcon,#WCC,#Compilers",https://github.com/endrazine/wcc,photo,https://pbs.twimg.com/media/CpaODRlVYAAtVrI.jpg
'762852883364655105',Sigh just another 5million$.. Should be tax payers who really should be upset.,en,Tweet,0,0,0,0,,2016-08-09 05:27:55,"<a href=""http://twitter.com/download/iphone"" rel=""nofollow"">Twitter for iPhone</a>",,,,
'762797950355460096',@switch_d kill the sensors and you kill the ai... Even if you only damage some.. Humans are considered the most protected and will solve tht,en,Reply,0,0,0,0,,2016-08-09 01:49:38,"<a href=""http://twitter.com/download/iphone"" rel=""nofollow"">Twitter for iPhone</a>",,,,
'762791447418458118',@thegrugq @pwnallthethings @symantec @threatintel lua might allow ease of new coders like python.. But it's no C:),en,Reply,0,0,0,0,,2016-08-09 01:23:47,"<a href=""http://twitter.com/download/iphone"" rel=""nofollow"">Twitter for iPhone</a>",,,,
'762791094903988224',"@thegrugq everyone profits from it... Lawyers, jails, etc... It's sad, and ridiculous.",en,Reply,0,0,0,0,,2016-08-09 01:22:23,"<a href=""http://twitter.com/download/iphone"" rel=""nofollow"">Twitter for iPhone</a>",,,,
'762790743949795328',Win win if you ask me... https://t.co/kJqHMoBKD6,en,Tweet,0,0,0,0,,2016-08-09 01:20:59,"<a href=""http://twitter.com/download/iphone"" rel=""nofollow"">Twitter for iPhone</a>",,,photo,https://pbs.twimg.com/media/CpX6H-1UIAEy-SQ.jpg
'762507579641569280',@TheHackerFiles Not just Michigan.. anywhere.. :),en,Reply,0,0,0,0,,2016-08-08 06:35:48,"<a href=""http://twitter.com"" rel=""nofollow"">Twitter Web Client</a>",,,,
'762507229887016961',makes sense.. nerve gas affecting central nervous system and diazepam calms your central nervous system.. lol flew home yet?,en,Tweet,0,0,0,0,,2016-08-08 06:34:24,"<a href=""http://twitter.com"" rel=""nofollow"">Twitter Web Client</a>",,,,
'762506855612416000',https://t.co/b4pjc3FNGn - theres no way to control this.. consider todays manual mass exploitation.. 24/7 w millions of nodes = no safety,en,Tweet,0,0,0,0,,2016-08-08 06:32:55,"<a href=""http://twitter.com"" rel=""nofollow"">Twitter Web Client</a>",,https://www.eff.org/deeplinks/2016/08/darpa-cgc-safety-protocol,,
'762497087623737349',@daveaitel let's be real... Isn't that the entire reason? Hahaha literally and overall? Maybe not just sigint.. But competing at all,en,Reply,0,0,0,0,,2016-08-08 05:54:06,"<a href=""http://twitter.com/download/iphone"" rel=""nofollow"">Twitter for iPhone</a>",,,,
'762496786715987969',@mrvaughan @matthew_d_green femtocells!,sv,Reply,0,0,0,0,,2016-08-08 05:52:55,"<a href=""http://twitter.com/download/iphone"" rel=""nofollow"">Twitter for iPhone</a>",,,,
'762496389678927872',@solardiz love the concept to virtualization attacks to mitigate analysis :) if you'd go that far...,en,Reply,0,0,0,0,,2016-08-08 05:51:20,"<a href=""http://twitter.com/download/iphone"" rel=""nofollow"">Twitter for iPhone</a>",,,,
'762495634859360257',@mdowd hahah awesome,en,Reply,0,0,0,0,,2016-08-08 05:48:20,"<a href=""http://twitter.com/download/iphone"" rel=""nofollow"">Twitter for iPhone</a>",,,,
'762495409231015936',@windsheep_ am sad I missed that one.. Qemu?,en,Reply,0,0,0,0,,2016-08-08 05:47:26,"<a href=""http://twitter.com/download/iphone"" rel=""nofollow"">Twitter for iPhone</a>",,,,
'762384683824930816',Just found a nice 0day to destroy any SIM card remotely... LOL interesting :),en,Tweet,0,0,0,0,,2016-08-07 22:27:27,"<a href=""http://twitter.com"" rel=""nofollow"">Twitter Web Client</a>",,,,
'762132029181796352',if anyone knows of any AI/quantum/security think tanks.. have em direct message me :) else.. lets start one...,en,Tweet,0,0,0,0,,2016-08-07 05:43:30,"<a href=""http://twitter.com"" rel=""nofollow"">Twitter Web Client</a>",,,,
'762131238190616576',https://t.co/s3LteFIpRf - if true the gov shld hv new leadr ;) with more motivation.. because 50 0ds is absurd for 1of3 top world powers sgh,en,Tweet,0,0,0,0,,2016-08-07 05:40:21,"<a href=""http://twitter.com"" rel=""nofollow"">Twitter Web Client</a>",,http://www.theregister.co.uk/2016/08/05/how_many_zeroday_vulns_is_us_govt_sitting_on/,,
'762125702703353857',@jdcrunchman @matthew_d_green I have 2 at home.. Not shocking ;),en,Reply,0,0,0,0,,2016-08-07 05:18:21,"<a href=""http://twitter.com/download/iphone"" rel=""nofollow"">Twitter for iPhone</a>",,,,
'762125571518107648',@MayhemCRS I wish I had the chance to work on some of those systems directly :(,en,Reply,0,0,0,0,,2016-08-07 05:17:50,"<a href=""http://twitter.com/download/iphone"" rel=""nofollow"">Twitter for iPhone</a>",,,,
'762125335114547200',@padresj @defcon @EFF @ACLU I def need more EFF in my life :(,en,Reply,0,0,0,0,,2016-08-07 05:16:54,"<a href=""http://twitter.com/download/iphone"" rel=""nofollow"">Twitter for iPhone</a>",,,,
'762125125839753216',@auth0 what about ocspd? Your looking in the wrong direction ;( sorry,en,Reply,0,0,0,0,,2016-08-07 05:16:04,"<a href=""http://twitter.com/download/iphone"" rel=""nofollow"">Twitter for iPhone</a>",,,,
'762111660727296000',@0xcharlie most important is last and your next ;),en,Reply,0,0,0,0,,2016-08-07 04:22:33,"<a href=""http://twitter.com/download/iphone"" rel=""nofollow"">Twitter for iPhone</a>",,,,
'762009536643248128',@DaveQuBits lol sounds like some stuff i was thinking of in 06,en,Reply,0,0,0,0,,2016-08-06 21:36:45,"<a href=""http://twitter.com/download/iphone"" rel=""nofollow"">Twitter for iPhone</a>",,,,
'762008403199700992',@0xcharlie I hate when mdworker spins up that bad :/,en,Reply,0,0,0,0,,2016-08-06 21:32:15,"<a href=""http://twitter.com/download/iphone"" rel=""nofollow"">Twitter for iPhone</a>",,,,
'761426802690580480',"RT @undefined: @daveaitel On the solver side, most of the hard work has been done by @MSFTResearch and their amazing Z3 solver! Big shoutout to them!",en,Retweet,0,5,6,0,,2016-08-05 07:01:11,"<a href=""http://twitter.com/download/iphone"" rel=""nofollow"">Twitter for iPhone</a>",,,,
'761677977423781888',@NicoEconomou @kiqueNissim you and me both buddy... I'll send them an invoice soon ;),en,Reply,0,0,0,0,,2016-08-05 23:39:15,"<a href=""http://twitter.com/download/iphone"" rel=""nofollow"">Twitter for iPhone</a>",,,,
'761677699857289216',@nixcraft for speed I'm sure,en,Reply,0,0,0,0,,2016-08-05 23:38:09,"<a href=""http://twitter.com/download/iphone"" rel=""nofollow"">Twitter for iPhone</a>",,,,
'761677561030029313',@thegrugq who isn't PR in that case? Even you ;),en,Reply,0,0,0,0,,2016-08-05 23:37:36,"<a href=""http://twitter.com/download/iphone"" rel=""nofollow"">Twitter for iPhone</a>",,,,
'761444065258774529',@thegrugq @d_olex and signal is better? Lol,en,Reply,0,0,0,0,,2016-08-05 08:09:46,"<a href=""http://twitter.com/download/iphone"" rel=""nofollow"">Twitter for iPhone</a>",,,,
'761417808823496704',@mikedamm I went late and didn't get an electric one :/ oh well,en,Reply,0,0,0,0,,2016-08-05 06:25:26,"<a href=""http://twitter.com/download/iphone"" rel=""nofollow"">Twitter for iPhone</a>",,,,
'761417416916086789',@i0n1c thatd be a feature,en,Reply,0,0,0,0,,2016-08-05 06:23:53,"<a href=""http://twitter.com/download/iphone"" rel=""nofollow"">Twitter for iPhone</a>",,,,
'761344790143180800',RT @undefined: Apple Security Bounty program initial categories - opens in September https://t.co/XH8rFmpHI9,en,Retweet,0,10,14,0,,2016-08-05 01:35:17,"<a href=""http://tapbots.com/tweetbot"" rel=""nofollow"">Tweetbot for iΟS</a>",,,photo,https://pbs.twimg.com/media/CpDXB3hUAAApL9_.jpg
'761366787153760256',@gregnb shoot me a text I'm in Vegas too,en,Reply,0,0,0,0,,2016-08-05 03:02:42,"<a href=""http://twitter.com/download/iphone"" rel=""nofollow"">Twitter for iPhone</a>",,,,
'761278285028274176',@0xcharlie r u in Vegas?? Lmk here till Monday.. Wouldn't mind grabbing a drink...,en,Tweet,0,0,0,0,,2016-08-04 21:11:01,"<a href=""http://twitter.com/download/iphone"" rel=""nofollow"">Twitter for iPhone</a>",,,,
'760898446849110016',"Everyone so worried about bringing tech to Vegas.. While its left at home being all wired, and jacked up ;) SMH",en,Tweet,0,1,0,0,,2016-08-03 20:01:41,"<a href=""http://twitter.com/download/iphone"" rel=""nofollow"">Twitter for iPhone</a>",,,,
'760277902160171008',@thegrugq I thought they don't exist anymore?,en,Reply,0,0,0,0,,2016-08-02 02:55:51,"<a href=""http://twitter.com/download/iphone"" rel=""nofollow"">Twitter for iPhone</a>",,,,
'760277270678429698',@djrbliss unless you've been planning to see a target in Vegas ;),en,Reply,0,0,0,0,,2016-08-02 02:53:21,"<a href=""http://twitter.com/download/iphone"" rel=""nofollow"">Twitter for iPhone</a>",,,,
'760087145453236224',"Didi said UberChina will be kept as an independent brand and operation, but that all data will be owned by Didi. - the real reason ...",en,Tweet,0,0,0,0,,2016-08-01 14:17:51,"<a href=""http://twitter.com/download/iphone"" rel=""nofollow"">Twitter for iPhone</a>",,,,
'759733288202297344',@thegrugq people are just.. people..,en,Reply,0,0,0,0,,2016-07-31 14:51:45,"<a href=""http://twitter.com"" rel=""nofollow"">Twitter Web Client</a>",,,,
'759732800069206016',@msuiche LOL so funny to think about it like the startup lottery in silicon valley =/,en,Tweet,0,0,0,0,,2016-07-31 14:49:49,"<a href=""http://twitter.com"" rel=""nofollow"">Twitter Web Client</a>",,,,
'759726710208200704',"@phifli wget https://t.co/vrg52GWEzl ;sed  's/&lt;[^&gt;]*&gt;/\n/g' 140val-all.htm &gt; 140val.html;egrep -i ""(korea|china|taiwan|asia|india|poland)""",en,Reply,0,0,0,0,,2016-07-31 14:25:37,"<a href=""http://twitter.com"" rel=""nofollow"">Twitter Web Client</a>",,http://csrc.nist.gov/groups/STM/cmvp/documents/140-1/140val-all.htm,,
'759726485888442368',@phifli Forget the war on drugs.. we need a war on any possible backdoors in any sensitive products.. ay yi yi!  How many Bs spent on drugs?,en,Reply,0,0,0,0,,2016-07-31 14:24:43,"<a href=""http://twitter.com"" rel=""nofollow"">Twitter Web Client</a>",,,,
'759726181461688320',"@phifli add |wc -l replacing ""fk!"" and you'll see 50! ... and we expect security? SMH",en,Reply,0,0,0,0,,2016-07-31 14:23:31,"<a href=""http://twitter.com"" rel=""nofollow"">Twitter Web Client</a>",,,,
'759725987475124224',"wget https://t.co/ptxLOz4jao 's/&lt;[^&gt;]*&gt;/\n/g' 140val-all.htm &gt; 140val.html;egrep -i ""(korea|china|taiwan|asia|india|poland)"" 140val.html fk!",en,Tweet,0,0,0,3,,2016-07-31 14:22:45,"<a href=""http://twitter.com"" rel=""nofollow"">Twitter Web Client</a>",,http://csrc.nist.gov/groups/STM/cmvp/documents/140-1/140val-all.htm;sed,,
'759603029167529984',@gentilkiwi @_jsoo_ great job trying to commit to the community!  :) thanks.. ill check it out!,en,Reply,0,0,0,0,,2016-07-31 06:14:09,"<a href=""http://twitter.com"" rel=""nofollow"">Twitter Web Client</a>",,,,
'759601609361981440',@cedoxX @TalosSecurity @Capturetp I highly doubt anyone will be viewing anything related to current &amp; real DoD training..,en,Reply,0,0,0,0,,2016-07-31 06:08:31,"<a href=""http://twitter.com"" rel=""nofollow"">Twitter Web Client</a>",,,,
'759600910716833792',@thegrugq since you seem to be the most active security person on my twitter.. please drop me some more people to follow ;) its how i keep ^,en,Reply,0,0,0,0,,2016-07-31 06:05:44,"<a href=""http://twitter.com"" rel=""nofollow"">Twitter Web Client</a>",,,,
'759600759285645312',@thegrugq yeah .. anything can slip through.. check the report on manipulating machine learning.. ivebeen considering attacks for months,en,Reply,0,0,0,0,,2016-07-31 06:05:08,"<a href=""http://twitter.com"" rel=""nofollow"">Twitter Web Client</a>",,,,
'759599599766175744',@MichaelSinger @thegrugq I'd say SUN has distributed and thus helped a large portion of the UNIX community... regardless of the vulns+fun,en,Reply,0,0,0,0,,2016-07-31 06:00:31,"<a href=""http://twitter.com"" rel=""nofollow"">Twitter Web Client</a>",,,,
'759599429406064640',@thegrugq it really is irrelevant of which messenger...,en,Reply,0,0,0,0,,2016-07-31 05:59:51,"<a href=""http://twitter.com"" rel=""nofollow"">Twitter Web Client</a>",,,,
'759599306030641152',@notdan Are you going? im still considering...,en,Reply,0,0,0,0,,2016-07-31 05:59:21,"<a href=""http://twitter.com"" rel=""nofollow"">Twitter Web Client</a>",,,,
'759599192365002752',@thegrugq you do have a point sometimes i cannot refuse to respond to.. ;),en,Reply,0,0,0,0,,2016-07-31 05:58:54,"<a href=""http://twitter.com"" rel=""nofollow"">Twitter Web Client</a>",,,,
'759599018884333568',I'm gonna kill Rubby Ducky and all USB attacks permanently.. ;),en,Tweet,0,0,0,0,,2016-07-31 05:58:13,"<a href=""http://twitter.com"" rel=""nofollow"">Twitter Web Client</a>",,,,
'759567918191546370',"You def realize its a different level when attorneys, and attorney generals ignore you. ;) LOL just saying...",en,Tweet,0,0,0,0,,2016-07-31 03:54:38,"<a href=""http://twitter.com"" rel=""nofollow"">Twitter Web Client</a>",,,,
'759447900355256320',I wish I had kickass torrents code :( I'd run it myself.. without ads :( that was the best end easiest #KAT #kickasstorrents send if have,en,Tweet,0,0,0,0,,2016-07-30 19:57:43,"<a href=""http://www.twitter.com"" rel=""nofollow"">Twitter for Windows</a>","#KAT,#kickasstorrents",,,
'759215330975748099',"having issues accessing google via tether through iPad w at&amp;t.. wierd... gmail loads, but verifying a new acct doesnt.. #att #google",en,Tweet,0,0,0,0,,2016-07-30 04:33:35,"<a href=""http://twitter.com"" rel=""nofollow"">Twitter Web Client</a>","#att,#google",,,
'758477419204452352',https://t.co/1VFna31WcH - wow,und,Tweet,0,0,0,0,,2016-07-28 03:41:23,"<a href=""http://twitter.com"" rel=""nofollow"">Twitter Web Client</a>",,http://www.msn.com/en-us/news/politics/trump-to-russia-uncover-release-deleted-clinton-emails/ar-BBuX2ad?li=BBnb7Kz&ocid=wispr,,
'757878945446518789',Would adware be a good distribution network to launch artificial intelligence?,en,Tweet,0,0,0,0,,2016-07-26 12:03:15,"<a href=""http://twitter.com"" rel=""nofollow"">Twitter Web Client</a>",,,,
'757800833169829888',Wow.. Me exactly. https://t.co/hWhO9S46xX,en,Tweet,0,0,0,0,,2016-07-26 06:52:52,"<a href=""http://twitter.com/download/iphone"" rel=""nofollow"">Twitter for iPhone</a>",,,photo,https://pbs.twimg.com/media/CoQ_1xoUMAc9kqd.jpg
'757758444682240000',"Medical marijuana &amp; Alzheimer's  https://t.co/6T2VGZWMeO - ""medical"" marijuana definitely helps my mood w dealing w issues of amnesia :/",en,Tweet,0,0,0,0,,2016-07-26 04:04:26,"<a href=""http://twitter.com/download/iphone"" rel=""nofollow"">Twitter for iPhone</a>",,http://flip.it/aJ4CD,,
'757438350240391168',"I will re-post an idea to our problems as a race as soon as I find a few people to evaluate the technology, and goals...",en,Tweet,0,0,0,0,,2016-07-25 06:52:29,"<a href=""http://twitter.com"" rel=""nofollow"">Twitter Web Client</a>",,,,
'757368436527882241',@BBCBreaking I bet german citizens are gonna rethink intel sharing issues after snowden...,en,Reply,0,0,0,0,,2016-07-25 02:14:41,"<a href=""http://twitter.com"" rel=""nofollow"">Twitter Web Client</a>",,,,
'757367597952270336',https://t.co/ajW6R1VVg6 - no more charging and using headphones together? ... WOW.. or good headphones without buying another product...,en,Tweet,0,0,0,0,,2016-07-25 02:11:21,"<a href=""http://twitter.com"" rel=""nofollow"">Twitter Web Client</a>",,http://mashable.com/2016/07/23/killing-headphone-jack-sucks/?utm_content=feature_title&utm_sid=51cd4a4cb91a7c788952e178&utm_medium=email&utm_campaign=daily&utm_source=newsletter&utm_cid=mash-prod-email-topstories&utm_emailalert=daily#jSF6646HBOqz,,
'756938346715344896',Going to find a way to calc # of nodes (&amp;2literally) hack every network in the world simultaneously from scratch.. (by arch/software/etc)..,en,Tweet,0,0,0,0,,2016-07-23 21:45:39,"<a href=""http://twitter.com"" rel=""nofollow"">Twitter Web Client</a>",,,,
'756640783076356097',VLC for hololens #HoloLens Can watch &amp; work at the same time ;) while traveling without multiple monitors :) https://t.co/G4wHBKLUkx,en,Tweet,0,0,0,0,,2016-07-23 02:03:15,"<a href=""http://www.twitter.com"" rel=""nofollow"">Twitter for Windows</a>",#HoloLens,,photo,https://pbs.twimg.com/media/CoAgx7EWEAEO8rF.jpg
'756595165150806016',@ProteasWang Hell yeah!,en,Reply,0,0,0,0,,2016-07-22 23:01:58,"<a href=""http://twitter.com"" rel=""nofollow"">Twitter Web Client</a>",,,,
'756595039472525312',@thegrugq well.. they didnt catch them before?  I think they did their job.. intel agencies better up their game.,en,Reply,0,0,0,0,,2016-07-22 23:01:28,"<a href=""http://twitter.com"" rel=""nofollow"">Twitter Web Client</a>",,,,
'756594691194388480',@0xcharlie Charlie.. I'd rather you be there ;),en,Reply,0,0,0,0,,2016-07-22 23:00:05,"<a href=""http://twitter.com"" rel=""nofollow"">Twitter Web Client</a>",,,,
'756578730357776385',I never imagined using Ubuntu in Win10 to compile an droid kernel..times do change #ubuntu #linux #windows https://t.co/6rj0b0u4uw,en,Tweet,0,1,0,0,,2016-07-22 21:56:40,"<a href=""http://www.twitter.com"" rel=""nofollow"">Twitter for Windows</a>","#ubuntu,#linux,#windows",,photo,https://pbs.twimg.com/media/Cn_oV94WgAA9dj5.jpg
'756288964345077760',Why doesnt Pokemon Go disable at a certain speed?  Then you cannot use it while driving.... ??,en,Tweet,0,0,0,0,,2016-07-22 02:45:14,"<a href=""http://twitter.com"" rel=""nofollow"">Twitter Web Client</a>",,,,
'756256453950865409',https://t.co/qLGDys9Fn0 - if only he stuck to pirating only.. and never bought anything legally.. go figure,en,Tweet,0,0,0,0,,2016-07-22 00:36:03,"<a href=""http://twitter.com"" rel=""nofollow"">Twitter Web Client</a>",,https://techcrunch.com/2016/07/20/man-behind-webs-biggest-illegal-film-site-arrested-following-legal-itunes-purchase/,,
'756251238262509568',@marcusjcarey im sure 90%,en,Reply,0,0,0,0,,2016-07-22 00:15:20,"<a href=""http://twitter.com"" rel=""nofollow"">Twitter Web Client</a>",,,,
'756250795583107072',https://t.co/Wrq3g9YjlM - oh i believe i can come up with a few other situations myself...,en,Tweet,0,0,0,0,,2016-07-22 00:13:34,"<a href=""http://twitter.com"" rel=""nofollow"">Twitter Web Client</a>",,http://www.extremetech.com/extreme/232067-us-navy-hit-with-600-million-lawsuit-for-software-piracy,,
'755915308204953600',@d_olex Maybe he's assuming it would be copied to a machine first? or could be caught by in memory stream checking? just guessing...,en,Reply,0,0,0,0,,2016-07-21 02:00:28,"<a href=""http://twitter.com"" rel=""nofollow"">Twitter Web Client</a>",,,,
'755914818872287232',Unfortunately it doesn't help with the pain in my neck -- but statistics dont lie.. https://t.co/C6O6TyW0tL  -- well depending on their src,en,Tweet,0,0,0,0,,2016-07-21 01:58:31,"<a href=""http://twitter.com"" rel=""nofollow"">Twitter Web Client</a>",,http://thefreethoughtproject.com/big-pharma-shaking-boots-80-cannabis-users-give-prescriptions-pills-pot/,,
'754521531603152900',Anyone know Linus Torvalds directly?  I have a concept similar to Open Fog which could distribute tasks and computations on Linux systems.,en,Tweet,0,0,0,0,,2016-07-17 05:42:06,"<a href=""http://twitter.com"" rel=""nofollow"">Twitter Web Client</a>",,,,
'754508327950790656',@lcamtuf are you up for completely new techniques of fuzzing?,en,Reply,0,0,0,0,,2016-07-17 04:49:38,"<a href=""http://twitter.com/#!/download/ipad"" rel=""nofollow"">Twitter for iPad</a>",,,,
'754508152842756096',"Meanwhile as the days of our lives continue to melt away... Grass is always greener on the other side, eh?",en,Tweet,0,0,0,0,,2016-07-17 04:48:56,"<a href=""http://twitter.com/#!/download/ipad"" rel=""nofollow"">Twitter for iPad</a>",,,,
'753485627572817920',"RT @undefined: Movie theater in 2016. 

Photo via @KPai15 @dl1mur4tdj https://t.co/ltgUVVZ6PL",en,Retweet,0,407,318,16,,2016-07-14 09:05:47,"<a href=""https://twitterrific.com/ios"" rel=""nofollow"">Twitterrific for iOS</a>",,,photo,https://pbs.twimg.com/media/CnTrLowWYAAfePz.jpg
'753220708990320640',Governments themselves should be worried about corporations using lobbying to affect long term polices as well..,en,Tweet,0,0,0,0,,2016-07-13 15:33:05,"<a href=""http://twitter.com/download/iphone"" rel=""nofollow"">Twitter for iPhone</a>",,,,
'753214540582641665',Citizens should be working together to return power to themselves away from corporations...,en,Tweet,0,0,0,0,,2016-07-13 15:08:35,"<a href=""http://twitter.com/download/iphone"" rel=""nofollow"">Twitter for iPhone</a>",,,,
'753209117326671876',Corporations want ignorant citizens.  Countries need smart and educated ones...,en,Tweet,0,0,0,0,,2016-07-13 14:47:02,"<a href=""http://twitter.com/download/iphone"" rel=""nofollow"">Twitter for iPhone</a>",,,,
'752251625943736322',"A few people mentioned about my tweets, etc the past few months.. I'm feeling better but won't apologize for something I couldn't control..",en,Tweet,0,0,0,0,,2016-07-10 23:22:18,"<a href=""http://twitter.com"" rel=""nofollow"">Twitter Web Client</a>",,,,
'751425581531684864',Indian state imposes 'fat tax' on junk food https://t.co/5SqOr5IcfX via @mashable it's a start towards solving https://t.co/YH12XlxbVZ,en,Tweet,0,0,0,0,,2016-07-08 16:39:54,"<a href=""http://twitter.com/download/iphone"" rel=""nofollow"">Twitter for iPhone</a>",,http://on.mash.to/29mSZCA#dKbiLIAAcZOF,photo,https://pbs.twimg.com/media/Cm2ZlWMXYAQ5gbh.jpg
'749943963654713352',@nixcraft @docker @Microsoft @sdxcentral docker has some fundamental things that could be very different.. And a compatible versions possibl,en,Reply,0,0,0,0,,2016-07-04 14:32:28,"<a href=""http://twitter.com/download/iphone"" rel=""nofollow"">Twitter for iPhone</a>",,,,
'749942777924968449',https://t.co/TrffLxjJ52 - awesome and IP theft should be acceptable,en,Tweet,0,0,0,0,,2016-07-04 14:27:46,"<a href=""http://twitter.com/download/iphone"" rel=""nofollow"">Twitter for iPhone</a>",,http://mobile.eweek.com/security/home-computers-connected-to-the-internet-arent-private-court-rules.html,,
'745838684054880257',You can add 1/3 of congress and a couple senators to that.. Anyone have any ideas of what a good direction would be?,en,Tweet,0,0,0,0,,2016-06-23 06:39:33,"<a href=""http://twitter.com/download/iphone"" rel=""nofollow"">Twitter for iPhone</a>",,,,
'745838281028476929',"My gf thinks I'm taking the wrong steps... But lawyers, attorney generals, government officials, and UN all ignored me.. Who next?",en,Tweet,0,0,0,0,,2016-06-23 06:37:57,"<a href=""http://twitter.com/download/iphone"" rel=""nofollow"">Twitter for iPhone</a>",,,,
'740885069242368001',I have one more final submission to the hacker world before i drop off.. :),en,Tweet,0,0,0,1,,2016-06-09 14:35:40,"<a href=""http://twitter.com"" rel=""nofollow"">Twitter Web Client</a>",,,,
'740882597115351041',when you find yourself working on problems involving games.. stop &amp; move on to something important :),en,Tweet,0,1,0,0,,2016-06-09 14:25:50,"<a href=""http://twitter.com"" rel=""nofollow"">Twitter Web Client</a>",,,,
'740880310707970048',"fine ill move on to my next phase :) if congress didnt give a fuck, or my family.. i have more in store :)",en,Tweet,0,0,0,0,,2016-06-09 14:16:45,"<a href=""http://twitter.com"" rel=""nofollow"">Twitter Web Client</a>",,,,
'740863075981479936',its NOT too funny how everyone sat and watched as the US gov and some pharma companies just tested drugs on me for years.. even after fkups,en,Tweet,0,0,0,1,,2016-06-09 13:08:16,"<a href=""http://twitter.com"" rel=""nofollow"">Twitter Web Client</a>",,,,
'739870489846284288',today i almost poisoned myself for a change in 18 years.. check that out.,en,Tweet,0,0,0,0,,2016-06-06 19:24:05,"<a href=""http://twitter.com"" rel=""nofollow"">Twitter Web Client</a>",,,,
'738719172205498371',I seriously hope people really either do 1 of 2 things.. write a Go -&gt; C++ source converter.. or stop writing major projects in go :(,en,Tweet,0,0,0,0,,2016-06-03 15:09:10,"<a href=""http://twitter.com"" rel=""nofollow"">Twitter Web Client</a>",,,,
'738244994134249472',@phifli meaning.. he didnt just leak documents relating to the programs.. he leaked anything he was able to copy,en,Reply,0,0,0,0,,2016-06-02 07:44:57,"<a href=""http://twitter.com"" rel=""nofollow"">Twitter Web Client</a>",,,,
'738244241416015873',https://t.co/Sh4aLH6g7e - snowden would never get a fair trial.. and he probably doesnt deserve one considering the leak,en,Tweet,0,0,0,1,,2016-06-02 07:41:57,"<a href=""http://twitter.com"" rel=""nofollow"">Twitter Web Client</a>",,http://www.theinquirer.net/inquirer/news/2459824/edward-snowden-performed-a-public-service-says-former-us-attorney-general,,
'738243436478758913',https://t.co/9ausGaAT7p - no military anywhere should really use any chips built in another country..,en,Tweet,0,0,0,0,,2016-06-02 07:38:45,"<a href=""http://twitter.com"" rel=""nofollow"">Twitter Web Client</a>",,http://static1.1.sqspcdn.com/static/f/543048/26931843/1464016046717/A2_SP_2016.pdf,,
'738083845392605184',https://t.co/MuZ0KF03Cz - wow,und,Tweet,0,0,0,0,,2016-06-01 21:04:36,"<a href=""http://twitter.com"" rel=""nofollow"">Twitter Web Client</a>",,http://www.wired.com/2016/06/sorry-time-start-counting-gigabytes-home/,,
'738047696829702145',https://t.co/DTdRIjwVrc  - maybe i was wrong :(,en,Tweet,0,0,0,0,,2016-06-01 18:40:57,"<a href=""http://twitter.com"" rel=""nofollow"">Twitter Web Client</a>",,http://www.theregister.co.uk/2016/06/01/windows_0day_selling_for_90000/,,
'737321999173701632',willing to be with windows 10 + ubuntu's bash.. its probably more secure than the real linux kernel...,en,Tweet,0,1,0,0,,2016-05-30 18:37:18,"<a href=""http://twitter.com"" rel=""nofollow"">Twitter Web Client</a>",,,,
'735320157992718337',"What do u get with multi-dimensions of medical malpractice, immature parents, psychopath doctors, forced druggings, and fucked up gov? = me",en,Tweet,0,0,0,1,,2016-05-25 06:02:41,"<a href=""http://twitter.com"" rel=""nofollow"">Twitter Web Client</a>",,,,
'734790238468329473',prepare for the last time anyone imagines im joking: https://t.co/aEoRpHwoG0,en,Tweet,0,0,0,0,,2016-05-23 18:56:59,"<a href=""http://twitter.com"" rel=""nofollow"">Twitter Web Client</a>",,https://github.com/mikeguidry/mcclp,,
'734783561220411392',Since i keep getting drugged every couple of days.. when im done this worm im going to release 3 new 0days on top of the prior 2-3 expls..,en,Tweet,0,0,0,0,,2016-05-23 18:30:27,"<a href=""http://twitter.com"" rel=""nofollow"">Twitter Web Client</a>",,,,
'734010617791533056',#worm https://t.co/aEoRpHwoG0 #security #drugging #illegal - coming soon for sure :) https://t.co/kzNpNQdy99,en,Tweet,0,0,0,0,,2016-05-21 15:19:03,"<a href=""http://twitter.com"" rel=""nofollow"">Twitter Web Client</a>","#worm,#security,#drugging,#illegal",https://github.com/mikeguidry/mcclp,photo,https://pbs.twimg.com/media/Ci-6w3_UgAIY6ov.jpg
'733906105307299840',"I keep getting drugged so gonna launch this new worm (https://t.co/aEoRpHwoG0) w BGP, crypto currency, and DNS attacks... oh well",en,Tweet,0,0,0,0,,2016-05-21 08:23:45,"<a href=""http://twitter.com"" rel=""nofollow"">Twitter Web Client</a>",,https://github.com/mikeguidry/mcclp,,
'733088537940107265',sell your crypto currencies.. soon,en,Tweet,0,0,0,1,,2016-05-19 02:15:02,"<a href=""http://twitter.com"" rel=""nofollow"">Twitter Web Client</a>",,,,
'731276082184257536',https://t.co/gggrb5w81r,zxx,Tweet,0,0,0,0,,2016-05-14 02:12:59,"<a href=""http://twitter.com"" rel=""nofollow"">Twitter Web Client</a>",,http://pastebin.com/e4qtU35C,,
'730889871649169408',example of implementation - https://t.co/dWvY4WlQbs,en,Tweet,0,0,0,0,,2016-05-13 00:38:19,"<a href=""http://twitter.com"" rel=""nofollow"">Twitter Web Client</a>",,https://mega.nz/#!aMgDDZIR!gCyo1qm5EZU8yYDxu-8f2iD0xM_yTxFXSYl3jflbCOg,,
'730673986548293632',BGP destroyer coming public shortly.. ready to inject &amp; go :) i said if i keep getting drugged i'd deal with it like this.. :/,en,Tweet,0,1,0,1,,2016-05-12 10:20:28,"<a href=""http://twitter.com"" rel=""nofollow"">Twitter Web Client</a>",,,,
'728397374398177280',https://t.co/wa53X4FiMv,zxx,Tweet,0,1,0,0,,2016-05-06 03:34:01,"<a href=""http://twitter.com"" rel=""nofollow"">Twitter Web Client</a>",,http://pastebin.com/5hkm16R6,,
'728397078506786817',https://t.co/BA5fMRMS0h - fuzzing / etc,en,Tweet,0,0,0,0,,2016-05-06 03:32:51,"<a href=""http://twitter.com"" rel=""nofollow"">Twitter Web Client</a>",,https://goo.gl/5muApB,,
'728396931559362562',https://t.co/plLf4WHDP3,zxx,Tweet,0,0,0,0,,2016-05-06 03:32:16,"<a href=""http://twitter.com"" rel=""nofollow"">Twitter Web Client</a>",,http://pastebin.com/KCqRQ4ve,,
'728396097475874816',theorerical - right? https://t.co/gRkpJJQf8T,en,Tweet,0,0,0,0,,2016-05-06 03:28:57,"<a href=""http://twitter.com"" rel=""nofollow"">Twitter Web Client</a>",,http://pastebin.com/aesJWQZz,,
'728229668877262848',I've reported human/civil rights violations to everyone.. Starting to wonder if they want me to shutdown the Internet .. Keep getting druggd,en,Tweet,0,0,0,0,,2016-05-05 16:27:37,"<a href=""http://twitter.com/download/iphone"" rel=""nofollow"">Twitter for iPhone</a>",,,,
'728221206936092673',Will the internet stand still from 3-4 0days in core protocols? We shall see,en,Tweet,0,0,0,0,,2016-05-05 15:54:00,"<a href=""http://twitter.com/download/iphone"" rel=""nofollow"">Twitter for iPhone</a>",,,,
'728182731364925440',The Day the Internet Stood Still..,en,Tweet,0,0,0,0,,2016-05-05 13:21:06,"<a href=""http://twitter.com"" rel=""nofollow"">Twitter Web Client</a>",,,,
'727049790798753792',https://t.co/mV0AQcVzLf - wait till i get going ;),en,Tweet,0,0,0,0,,2016-05-02 10:19:12,"<a href=""http://twitter.com"" rel=""nofollow"">Twitter Web Client</a>",,http://www.thenewsrecorder.com/new-york-hospital-faces-2-2-million-fine-allowing-tv-filing-two-patients/4434,,
'725978311654932480',What happens if you 187 the internet under surveillance while being drugged constantly?I bet this cluster fk can get even more interesting..,en,Tweet,0,0,0,1,,2016-04-29 11:21:32,"<a href=""http://twitter.com"" rel=""nofollow"">Twitter Web Client</a>",,,,
'725643296706437120',"So why doesnt the UN allow pharmaceutical companies to buy some of the ""3,300 tonnes in 2015"" of heroin from afghan?",en,Tweet,0,0,0,0,,2016-04-28 13:10:18,"<a href=""http://twitter.com"" rel=""nofollow"">Twitter Web Client</a>",,,,
'725299538479583232',"Blame the people who have drugged me, and the ones who have ignored it.. for what happens next :)",en,Tweet,0,0,0,0,,2016-04-27 14:24:20,"<a href=""http://twitter.com"" rel=""nofollow"">Twitter Web Client</a>",,,,
'725272536095723520',https://t.co/VlOVe3tOxk,zxx,Tweet,0,0,0,0,,2016-04-27 12:37:02,"<a href=""http://twitter.com"" rel=""nofollow"">Twitter Web Client</a>",,,photo,https://pbs.twimg.com/media/ChCvhwTUoAAAUBY.jpg
'724988662153285632',"""An idea that is not dangerous is unworthy of being called an idea at all."" - Oscar Wilde",en,Tweet,0,0,0,0,,2016-04-26 17:49:01,"<a href=""http://twitter.com"" rel=""nofollow"">Twitter Web Client</a>",,,,
'724581424611758081',https://t.co/oW0Wz1FL07 - wasnt iraq or afghan destabilized w 300?,en,Tweet,0,0,0,0,,2016-04-25 14:50:48,"<a href=""http://twitter.com"" rel=""nofollow"">Twitter Web Client</a>",,http://nation.com.pk/international/25-Apr-2016/obama-to-send-250-additional-u-s-special-forces-troops-to-syria,,
'724347157885513729',He who is taught by war may create peace.. but will forever think like war.,en,Tweet,0,1,0,0,,2016-04-24 23:19:54,"<a href=""http://twitter.com"" rel=""nofollow"">Twitter Web Client</a>",,,,
'724325034496417792',Dont blame me for things I said I'd do.. and kinda have reasoning for..,en,Tweet,0,0,0,0,,2016-04-24 21:52:00,"<a href=""http://twitter.com"" rel=""nofollow"">Twitter Web Client</a>",,,,
'724322003528736769',If I continue to get drugged without my consent.. I will shut the internet down.. I promise.,en,Tweet,0,0,0,0,,2016-04-24 21:39:57,"<a href=""http://twitter.com"" rel=""nofollow"">Twitter Web Client</a>",,,,
'723555210451247106',I hope treatment of other children in USA isnt the same as my life.. hopefully congress is  investigating it full scale by Tuesday..,en,Tweet,0,0,0,0,,2016-04-22 18:52:59,"<a href=""http://twitter.com"" rel=""nofollow"">Twitter Web Client</a>",,,,
'723554582274527233',Don't disregard your integrity for being on the wrong side of right.,en,Tweet,0,0,0,0,,2016-04-22 18:50:30,"<a href=""http://twitter.com"" rel=""nofollow"">Twitter Web Client</a>",,,,
'723540397679505409',When things go wrong.. they go really wrong.. I suppose.,en,Tweet,0,0,0,0,,2016-04-22 17:54:08,"<a href=""http://twitter.com"" rel=""nofollow"">Twitter Web Client</a>",,,,
'723353200489697281',If you drug someone without their consent for any reason.. your not a healer.. just a psychopath,en,Tweet,0,0,0,0,,2016-04-22 05:30:16,"<a href=""http://twitter.com"" rel=""nofollow"">Twitter Web Client</a>",,,,
'722114930422337536',https://t.co/1ZYYOIkda2 #microsoft #linux - probably the best thing thats happened in a long time.. with a firewall.. windows may be #1,en,Tweet,0,0,0,0,,2016-04-18 19:29:50,"<a href=""http://twitter.com"" rel=""nofollow"">Twitter Web Client</a>","#microsoft,#linux",http://www.hanselman.com/blog/DevelopersCanRunBashShellAndUsermodeUbuntuLinuxBinariesOnWindows10.aspx,,
'722054522923671552',Strategy is a projected calculation of an opponent after the fact.,en,Tweet,0,0,0,0,,2016-04-18 15:29:48,"<a href=""http://twitter.com"" rel=""nofollow"">Twitter Web Client</a>",,,,
'722054161685065732',The american court system is the single most progressive arrangement between men/women &amp; government in history.. I'll definitely make use...,en,Tweet,0,0,0,0,,2016-04-18 15:28:21,"<a href=""http://twitter.com"" rel=""nofollow"">Twitter Web Client</a>",,,,
'721652507697500161',wow microsoft.. you need to work on your Australian infrastructure :( https://t.co/V8gSCftrmf,en,Tweet,0,1,0,0,,2016-04-17 12:52:20,"<a href=""http://twitter.com"" rel=""nofollow"">Twitter Web Client</a>",,,photo,https://pbs.twimg.com/media/CgPTIYRUkAEihyg.jpg
'721289795968761856',I'm going to spend my last adderall ever doing a very good thing :),en,Tweet,0,0,0,0,,2016-04-16 12:51:02,"<a href=""http://twitter.com"" rel=""nofollow"">Twitter Web Client</a>",,,,
'721285469737062400',We are about to have DDoS all over again... But this time it'll infiltrate ;),en,Tweet,0,0,0,0,,2016-04-16 12:33:51,"<a href=""http://twitter.com/download/iphone"" rel=""nofollow"">Twitter for iPhone</a>",,,,
'720740494033092609',"At what point does an intelligent/AI ""program"" stop being your responsibility?  For kids its 18...",en,Tweet,0,0,0,0,,2016-04-15 00:28:19,"<a href=""http://twitter.com/download/iphone"" rel=""nofollow"">Twitter for iPhone</a>",,,,
'720303339959820289',Time to put gasoline on the flame #reality,en,Tweet,0,0,0,0,,2016-04-13 19:31:13,"<a href=""http://twitter.com"" rel=""nofollow"">Twitter Web Client</a>",#reality,,,
'720192760389640197',@hughparsonage @agelastic isn't that using your own history ? ;),en,Tweet,0,0,0,0,,2016-04-13 12:11:49,"<a href=""http://twitter.com/download/iphone"" rel=""nofollow"">Twitter for iPhone</a>",,,,
'720041605613232128',https://t.co/Gc801sPhHT - government waking up?,en,Tweet,0,0,0,0,,2016-04-13 02:11:11,"<a href=""http://twitter.com"" rel=""nofollow"">Twitter Web Client</a>",,http://edition.cnn.com/2016/04/12/health/lsd-brain-imaging/index.html,,
'718937922020384768',The nazis who ignored my human rights and drugged be better hope for all of time they have 0 skeletons in their closet.. :) they'll surface,en,Tweet,0,0,0,0,,2016-04-10 01:05:32,"<a href=""http://twitter.com"" rel=""nofollow"">Twitter Web Client</a>",,,,
'718587883011964928',I will change the world.. - and a lot of people will benefit.. but only time will tell.,en,Tweet,0,0,0,0,,2016-04-09 01:54:36,"<a href=""http://twitter.com"" rel=""nofollow"">Twitter Web Client</a>",,,,
'718583206207860737',@irongeek_adc @notdan There are much worse things to have issues with.. ;) be happy.. LOL at least you dont have one of my 20 problems ;),en,Reply,0,0,0,0,,2016-04-09 01:36:01,"<a href=""http://twitter.com"" rel=""nofollow"">Twitter Web Client</a>",,,,
'718575914255159296',What do you do when your between a rock &amp; a hard place? Focus and ensure anyone taking advantage gets demolished ;),en,Tweet,0,0,0,0,,2016-04-09 01:07:03,"<a href=""http://twitter.com"" rel=""nofollow"">Twitter Web Client</a>",,,,
'718575531873021952',@irongeek_adc @notdan Ah.. FBI is one of my life problems..,en,Reply,0,1,0,1,,2016-04-09 01:05:31,"<a href=""http://twitter.com"" rel=""nofollow"">Twitter Web Client</a>",,,,
'718575441842274305',@daveaitel I seriously still do not understand why security hasn't focused on simple mitigations.  Changing shell paths is a very simple sol,en,Reply,0,0,0,0,,2016-04-09 01:05:10,"<a href=""http://twitter.com"" rel=""nofollow"">Twitter Web Client</a>",,,,
'718575154607984640',@notdan @Togg_ @munin I do this every time a hotel deems my torrent downloads absurd... ;),en,Reply,0,0,0,0,,2016-04-09 01:04:01,"<a href=""http://twitter.com"" rel=""nofollow"">Twitter Web Client</a>",,,,
'718562240438210560',@EFF Kinda sucks whenever you have a scenario where your government has literally systematically stolen your I.P. - welcome to my world,en,Reply,0,0,0,0,,2016-04-09 00:12:43,"<a href=""http://twitter.com"" rel=""nofollow"">Twitter Web Client</a>",,,,
'718561807728648192',@RepresentDotUs @scriptjunkie1 I'm assuming banks go beyond limits just to ascertain they hold the 10% required to lend.. sue me.,en,Reply,0,0,0,0,,2016-04-09 00:10:59,"<a href=""http://twitter.com"" rel=""nofollow"">Twitter Web Client</a>",,,,
'718561628766076930',"@RepresentDotUs @scriptjunkie1 Have you actually determined where GM falls on the scale? in such.. jobs offered, where they hold cash, etc?",en,Reply,0,0,0,0,,2016-04-09 00:10:17,"<a href=""http://twitter.com"" rel=""nofollow"">Twitter Web Client</a>",,,,
'718561402424700928',"https://t.co/Voe18YRAvo - very plausible, possible, and not so shocking...wouldn't you do the same?",en,Tweet,0,0,0,0,,2016-04-09 00:09:23,"<a href=""http://twitter.com"" rel=""nofollow"">Twitter Web Client</a>",,http://www.theregister.co.uk/2016/04/08/costa_rica_election_hacking_probe/,,
'718561087054962688',"The relationship between thedecision to remove any individual from local,national, and international human rights is tough.I will define it.",en,Tweet,0,0,0,0,,2016-04-09 00:08:08,"<a href=""http://twitter.com"" rel=""nofollow"">Twitter Web Client</a>",,,,
'713221913678446592',"RT @undefined: We are looking forward to many next-gen tools built on top of this RE trilogy! cc @capstone_engine, @unicorn_engine https://t.co/22NMMqdFr5",en,Retweet,0,54,48,1,,2016-03-25 05:32:09,"<a href=""http://twitter.com"" rel=""nofollow"">Twitter Web Client</a>",,,photo,https://pbs.twimg.com/media/CeXfjOtUsAA3y3N.jpg
'717498197749268481',Circulus inextricabilis - funny.. considering possibilities here now :),en,Tweet,0,0,0,0,,2016-04-06 01:44:35,"<a href=""http://twitter.com"" rel=""nofollow"">Twitter Web Client</a>",,,,
'717150577235341312',@thegrugq or a really good vocabulary;),en,Reply,0,0,0,0,,2016-04-05 02:43:16,"<a href=""http://twitter.com"" rel=""nofollow"">Twitter Web Client</a>",,,,
'717150533295812608',https://t.co/LjTP6sBB3z - who would put effort into the front facing website?.. seems like CTF to me and I could never really get involved,en,Tweet,0,0,0,0,,2016-04-05 02:43:05,"<a href=""http://twitter.com"" rel=""nofollow"">Twitter Web Client</a>",,http://arstechnica.com/security/2016/04/dod-invites-you-well-some-of-you-to-hack-the-pentagon-this-month/,,
'713113167014985728',"I bet if the movie Limitless was actually real.. There's no way he'd get the drug, or not be forced to actually take it.. interesting",en,Tweet,0,0,0,0,,2016-03-24 22:20:02,"<a href=""http://twitter.com"" rel=""nofollow"">Twitter Web Client</a>",,,,
'713113071166705664',https://t.co/nwWGw4Sj32 - backwards,en,Tweet,0,0,0,0,,2016-03-24 22:19:39,"<a href=""http://twitter.com"" rel=""nofollow"">Twitter Web Client</a>",,http://www.wired.com/2016/03/way-go-fcc-now-manufacturers-locking-routers/,,
'712462264918536192',It's kinda entertaining when you come to the conclusion that the US government will drug you unwillingly easier than to find what you need..,en,Tweet,0,0,0,0,,2016-03-23 03:13:35,"<a href=""http://twitter.com"" rel=""nofollow"">Twitter Web Client</a>",,,,
'712235224403480577',@matthew_d_green exactly. such a waste of time..,en,Reply,0,0,0,0,,2016-03-22 12:11:24,"<a href=""http://twitter.com"" rel=""nofollow"">Twitter Web Client</a>",,,,
'712235108477083648',@caro2point0 stop by the UN for me and give congrats for the express help they give &amp; understand for citizens around the world!*sarcasm*,en,Reply,0,0,0,0,,2016-03-22 12:10:57,"<a href=""http://twitter.com"" rel=""nofollow"">Twitter Web Client</a>",,,,
'712234799172349953',@thegrugq I disagree.  You can literally block all attacks without a single offensive strategy in the cyber world.,en,Reply,0,0,0,0,,2016-03-22 12:09:43,"<a href=""http://twitter.com"" rel=""nofollow"">Twitter Web Client</a>",,,,
'712234653885841408',"If your upset with any of these gov cases involving privacy, etc then I'll give an unprecedented view of what citizens should worry about.",en,Tweet,0,0,0,1,,2016-03-22 12:09:08,"<a href=""http://twitter.com"" rel=""nofollow"">Twitter Web Client</a>",,,,
'710592188137099264',The only thing that is good after realizing you'll spend the rest of your life in litigation is:  knowing you'll win..,en,Tweet,0,0,0,0,,2016-03-17 23:22:34,"<a href=""http://twitter.com"" rel=""nofollow"">Twitter Web Client</a>",,,,
'710550102461403136',I hope there is a hell. -- I can think of more than a few people who belong there ;),en,Tweet,0,1,0,0,,2016-03-17 20:35:20,"<a href=""http://twitter.com"" rel=""nofollow"">Twitter Web Client</a>",,,,
'708049024754933760',https://t.co/y5rXCzu2Qx -- such bullshit..,en,Tweet,0,0,0,0,,2016-03-10 22:56:57,"<a href=""http://twitter.com"" rel=""nofollow"">Twitter Web Client</a>",,http://www.cnet.com/news/iphone-android-encryption-fbi/,,
'707818490057641986',https://t.co/pCmzJMRc3X - obviously.. if you steal someones bio from the first generation.. you can replay it later on the 5th!,en,Tweet,0,0,0,0,,2016-03-10 07:40:53,"<a href=""http://twitter.com"" rel=""nofollow"">Twitter Web Client</a>",,http://www.wired.com/2016/03/biometrics-coming-along-serious-security-concerns/,,
'706964177227649024',"I can't wait to make the first ""cyber pathogen"" -- I'm not kidding..",en,Tweet,0,0,0,0,,2016-03-07 23:06:09,"<a href=""http://twitter.com"" rel=""nofollow"">Twitter Web Client</a>",,,,
'706020585961181185',@nicoleperlroth get in touch.. mike@mikeguidry.net... def interest of yours :),en,Tweet,0,0,0,0,,2016-03-05 08:36:39,"<a href=""http://twitter.com"" rel=""nofollow"">Twitter Web Client</a>",,,,
'705515738967048192',It is dangerous to be right in matters on which the established authorities are wrong - Voltaire,en,Tweet,0,0,0,0,,2016-03-03 23:10:34,"<a href=""http://twitter.com"" rel=""nofollow"">Twitter Web Client</a>",,,,
'704823111024128000',#bitcoin is it just me or does other people see antpool doing blocks with 0-1 transactions?... over and over....,en,Tweet,0,0,0,0,,2016-03-02 01:18:19,"<a href=""http://twitter.com"" rel=""nofollow"">Twitter Web Client</a>",#bitcoin,,,
'702912576271818752',@chrissistrunk @shodanhq @anthony_persi lets see if CNAP helps.. *sigh*,en,Reply,0,0,0,0,,2016-02-25 18:46:32,"<a href=""http://twitter.com"" rel=""nofollow"">Twitter Web Client</a>",,,,
'702909133310263296',proxy -&gt; i2p -&gt; tor -&gt; i2p -&gt; web? proxy -&gt; tor -&gt; i2p -&gt; tor -&gt; web?....,en,Tweet,0,0,0,0,,2016-02-25 18:32:51,"<a href=""http://twitter.com"" rel=""nofollow"">Twitter Web Client</a>",,,,
'702794815084359680',https://t.co/ekv77AnUCT  - damn right.,en,Tweet,0,0,0,0,,2016-02-25 10:58:35,"<a href=""http://twitter.com"" rel=""nofollow"">Twitter Web Client</a>",,http://www.theregister.co.uk/2015/08/19/bruce_schneier_linuxcon/,,
'702296340068474880',"""Could you prove that your systems can’t ever, no matter how smart they are, overwrite their original goals as set by the humans?"" = 0% AI",en,Tweet,0,0,0,0,,2016-02-24 01:57:50,"<a href=""http://twitter.com"" rel=""nofollow"">Twitter Web Client</a>",,,,
'701295578412613633',"https://t.co/2Ahr8kzshl - lol i could do it with a few xeon phis.. its obviously ascii character set, and X characters.... lets be real ;)",en,Tweet,0,0,0,0,,2016-02-21 07:41:09,"<a href=""http://twitter.com"" rel=""nofollow"">Twitter Web Client</a>",,http://www.scmagazine.com/presidential-hopeful-mcafee-says-his-team-can-crack-the-iphone-used-by-shooters/article/477799/,,
'701086875600232450',@thegrugq glibc... All I'm saying.  Use iOS.  Make it more expensive for the industry you directly introduced the world to ;),en,Reply,0,0,0,0,,2016-02-20 17:51:51,"<a href=""http://twitter.com/download/iphone"" rel=""nofollow"">Twitter for iPhone</a>",,,,
'699802242514202625',?: = min() perfect... much better than using min(),en,Tweet,0,0,0,0,,2016-02-17 04:47:10,"<a href=""http://twitter.com"" rel=""nofollow"">Twitter Web Client</a>",,,,
'699801241589657601',"https://t.co/snjMNh9O6C taught me in C++ ""?:"" is legal... otherwise i cannot believe this catastrophe.. LOL!",en,Tweet,0,0,0,0,,2016-02-17 04:43:12,"<a href=""http://twitter.com"" rel=""nofollow"">Twitter Web Client</a>",,https://sourceware.org/ml/libc-alpha/2016-02/msg00416.html,,
'699262358707949568',https://t.co/n20OmWVBVW #lol touch my stuff and regret.. oops too late :),en,Tweet,0,0,0,0,,2016-02-15 17:01:52,"<a href=""http://twitter.com"" rel=""nofollow"">Twitter Web Client</a>",#lol,http://www.theguardian.com/technology/2016/feb/09/internet-of-things-smart-home-devices-government-surveillance-james-clapper,,
'698563620914012160',I'm heading to Geneva this week to discuss Human &amp; Civil rights violations. I'll post my complaint soon! :)I want to ensure this is the last,en,Tweet,0,0,0,0,,2016-02-13 18:45:20,"<a href=""http://twitter.com"" rel=""nofollow"">Twitter Web Client</a>",,,,
'696922545925320704',"https://t.co/7xiKJYkn4p #humanrights #civilrights if you know about any of my incidents, then fill out this form.. especially my family.",en,Tweet,0,0,0,0,,2016-02-09 06:04:17,"<a href=""http://twitter.com"" rel=""nofollow"">Twitter Web Client</a>","#humanrights,#civilrights",http://www.ohchr.org/Documents/HRBodies/ComplaintProcedure/HRCComplaintProcedureForm.doc,,
'696868786092187648',@phifli I hope tht in the ftr nobody goes through the sme issues I've imaged that I could somehow help but only being harmed. #usa #leo #fbi,en,Reply,0,0,0,0,,2016-02-09 02:30:40,"<a href=""http://twitter.com"" rel=""nofollow"">Twitter Web Client</a>","#usa,#leo,#fbi",,,
'696066704430895105',Hard copies to congress. rest online permanently in the blockchain I gave so much time for people to figure it out.  Disrespect + 20yrs lost,en,Reply,0,0,0,1,,2016-02-06 21:23:29,"<a href=""http://twitter.com"" rel=""nofollow"">Twitter Web Client</a>",,,,
'696066008226750464',An article expres. how an USA kid grew up a comp. 'whiz' n became #legal #law #life #america #fbi #hell #government #forced-druggings,en,Tweet,0,0,0,1,,2016-02-06 21:20:43,"<a href=""http://twitter.com"" rel=""nofollow"">Twitter Web Client</a>","#legal,#law,#life,#america,#fbi,#hell,#government,#forced",,,
'696065538531799040',It seems I'm forced to increase the difficulty of these math equations.. #legal #law #life #america #fbi #hell #government #forced-druggings,en,Tweet,0,0,0,0,,2016-02-06 21:18:51,"<a href=""http://twitter.com"" rel=""nofollow"">Twitter Web Client</a>","#legal,#law,#life,#america,#fbi,#hell,#government,#forced",,,
'695297737844203520',@TJRGuidry love and reality are different subjects... Enjoy:),en,Reply,0,0,0,0,,2016-02-04 18:27:53,"<a href=""http://twitter.com/download/iphone"" rel=""nofollow"">Twitter for iPhone</a>",,,,
'695297589814652928',@gregnb and yourself ?,en,Reply,0,0,0,0,,2016-02-04 18:27:18,"<a href=""http://twitter.com/download/iphone"" rel=""nofollow"">Twitter for iPhone</a>",,,,
'695297484306907137',@0x82 mr hacker ;),en,Tweet,0,0,0,0,,2016-02-04 18:26:52,"<a href=""http://twitter.com/download/iphone"" rel=""nofollow"">Twitter for iPhone</a>",,,,
'694604705935314945',I decided to move from desktop/etc security (since anyways) to FW/etc and I will be shocked if Einstein at $5.7bn fails..what do i know?,en,Tweet,0,0,0,0,,2016-02-02 20:34:01,"<a href=""http://twitter.com"" rel=""nofollow"">Twitter Web Client</a>",,,,
'694530329382514689',Inoculate vPro by setting your AMT Mac via Spec documents to ff:ff:ff:....? I don't have a card with me to try :( maybe this weeekend..,en,Tweet,0,0,0,0,,2016-02-02 15:38:28,"<a href=""http://twitter.com"" rel=""nofollow"">Twitter Web Client</a>",,,,
'693778649707712512',@JJMarcomb congrats! been years.. hope your doing well!,en,Reply,0,0,0,0,,2016-01-31 13:51:34,"<a href=""http://twitter.com"" rel=""nofollow"">Twitter Web Client</a>",,,,
'693726378210910208',@CSMPasscode @thegrugq @EFF maybe so but it's the next level of marketing.. 1960s etc started this.. Now w Internet .. It can't be allowed..,en,Reply,0,0,0,0,,2016-01-31 10:23:52,"<a href=""http://twitter.com/download/iphone"" rel=""nofollow"">Twitter for iPhone</a>",,,,
'693697454017900548',@Dinosn I *try* to turn off every programs update mechanisms.. They seem to randomly turn back on at times.. Twilight zone?,en,Reply,0,0,0,0,,2016-01-31 08:28:55,"<a href=""http://twitter.com/download/iphone"" rel=""nofollow"">Twitter for iPhone</a>",,,,
'693696360290201600',@erikcorry what do you really expect? Give alternative solutions or just let it go honestly.. I've considered pros/cons.. Don't be obnoxious,en,Reply,0,0,0,0,,2016-01-31 08:24:35,"<a href=""http://twitter.com/download/iphone"" rel=""nofollow"">Twitter for iPhone</a>",,,,
'693695426340343808',Backdoor or not AMT/vPro is the main ingredient for true artificial intelligence...or skynet;),en,Tweet,0,0,0,0,,2016-01-31 08:20:52,"<a href=""http://twitter.com/download/iphone"" rel=""nofollow"">Twitter for iPhone</a>",,,,
'693499562208550912',@matthew_d_green would love to be able to take your course or instant message :) message me or email mike@easystyle.org,en,Reply,0,0,0,0,,2016-01-30 19:22:34,"<a href=""http://twitter.com/download/iphone"" rel=""nofollow"">Twitter for iPhone</a>",,,,
'693495224211894272',@0xabad1dea translate please :) or ocr and repost lol.. That's as bad as my handwriting,en,Reply,0,0,0,0,,2016-01-30 19:05:20,"<a href=""http://twitter.com/download/iphone"" rel=""nofollow"">Twitter for iPhone</a>",,,,
'693494732119388160',@josephmenn @attractr @Reuters have a couple things after that lol,en,Reply,0,0,0,0,,2016-01-30 19:03:23,"<a href=""http://twitter.com/download/iphone"" rel=""nofollow"">Twitter for iPhone</a>",,,,
'693494284025106432',Why im finally tweeting reality... Out of USA :),en,Tweet,0,0,0,0,,2016-01-30 19:01:36,"<a href=""http://twitter.com/download/iphone"" rel=""nofollow"">Twitter for iPhone</a>",,,,
'693493555747139584',If you can't apply security to every current operating system and host.. It's a waste.  It might sell from fear but customers will be hacked,en,Tweet,0,0,0,0,,2016-01-30 18:58:42,"<a href=""http://twitter.com/download/iphone"" rel=""nofollow"">Twitter for iPhone</a>",,,,
'693492689258442752',@matthew_d_green @thegrugq I actually focus on tech that can mitigate * on current tech and OS... Obnoxious to upgrade on major corps,en,Reply,0,0,0,0,,2016-01-30 18:55:16,"<a href=""http://twitter.com/download/iphone"" rel=""nofollow"">Twitter for iPhone</a>",,,,
'693492387234983937',@fjserna emet.. :(,en,Reply,0,0,0,0,,2016-01-30 18:54:04,"<a href=""http://twitter.com/download/iphone"" rel=""nofollow"">Twitter for iPhone</a>",,,,
'693491762011049984',@thegrugq @dinodaizovi would love to talk to real str8.. From t/p days,en,Reply,0,0,0,0,,2016-01-30 18:51:35,"<a href=""http://twitter.com/download/iphone"" rel=""nofollow"">Twitter for iPhone</a>",,,,
'693491094747615232',@MalwareMustDie @cedoxX would you be out of a job w out malware?,en,Tweet,0,0,0,0,,2016-01-30 18:48:56,"<a href=""http://twitter.com/download/iphone"" rel=""nofollow"">Twitter for iPhone</a>",,,,
'693490553757929472',@scriptjunkie1 @0xcharlie :( scripts? Lol or am I assuming too much zz,en,Reply,0,0,0,0,,2016-01-30 18:46:47,"<a href=""http://twitter.com/download/iphone"" rel=""nofollow"">Twitter for iPhone</a>",,,,
'693490395737563136',@bungdan @thegrugq @dannyyadron blame them? Lol it's blAck and white not like the real world..,en,Reply,0,0,0,0,,2016-01-30 18:46:09,"<a href=""http://twitter.com/download/iphone"" rel=""nofollow"">Twitter for iPhone</a>",,,,
'693490151960371200',@thegrugq wish I really cared about anyone's data and this would be fun..,en,Reply,0,0,0,0,,2016-01-30 18:45:11,"<a href=""http://twitter.com/download/iphone"" rel=""nofollow"">Twitter for iPhone</a>",,,,
'693489990156705792',@47zombiekittens @thegrugq go to bird land and hear jazz in nyc,en,Reply,0,0,0,0,,2016-01-30 18:44:32,"<a href=""http://twitter.com/download/iphone"" rel=""nofollow"">Twitter for iPhone</a>",,,,
'693489720307765248',@mscwebdev @nixcraft every box I touch requires: cat /etc/*release* .. Actually good way to evade binary rootkits ;),en,Reply,0,0,0,0,,2016-01-30 18:43:28,"<a href=""http://twitter.com/download/iphone"" rel=""nofollow"">Twitter for iPhone</a>",,,,
'693489329847427072',@RidT @thegrugq better than smuggling usb of films to n.k.,en,Reply,0,0,0,0,,2016-01-30 18:41:55,"<a href=""http://twitter.com/download/iphone"" rel=""nofollow"">Twitter for iPhone</a>",,,,
'693489155939041280',@daveaitel @SwiftOnSecurity lol at least whomever is learning will have a future,en,Reply,0,0,0,0,,2016-01-30 18:41:13,"<a href=""http://twitter.com/download/iphone"" rel=""nofollow"">Twitter for iPhone</a>",,,,
'693488785598722048',@0xcharlie sigh.. I believe you.  I've worked on personal research and feel the same lol,en,Reply,0,0,0,0,,2016-01-30 18:39:45,"<a href=""http://twitter.com/download/iphone"" rel=""nofollow"">Twitter for iPhone</a>",,,,
'693488624080281600',@YahooNews @thegrugq hahahha I wish,pl,Reply,0,0,0,0,,2016-01-30 18:39:07,"<a href=""http://twitter.com/download/iphone"" rel=""nofollow"">Twitter for iPhone</a>",,,,
'693488295578193920',@paul_pearce he's being very emotional... North Korea has his back :),en,Reply,0,0,0,0,,2016-01-30 18:37:48,"<a href=""http://twitter.com/download/iphone"" rel=""nofollow"">Twitter for iPhone</a>",,,,
'693488101784563712',@da_667 @thegrugq @ra6bit bidding is amazing and harmful. I'd rather accept lower bids and secure the nation but old school def feels diff:(,en,Tweet,0,0,0,0,,2016-01-30 18:37:02,"<a href=""http://twitter.com/download/iphone"" rel=""nofollow"">Twitter for iPhone</a>",,,,
'693487068337471488',@NSAGov @mikko @enigmaconf honestly I'm so shocked defense is a huge problem.. Focus on exploit techniques and kill there.. 1 new every 5 yr,en,Reply,0,0,0,0,,2016-01-30 18:32:56,"<a href=""http://twitter.com/download/iphone"" rel=""nofollow"">Twitter for iPhone</a>",,,,
'693486646075916288',@miaubz @thegrugq he means Intel amt/mac address.. Nobody will exploit unless your very important ;),en,Reply,0,0,0,0,,2016-01-30 18:31:15,"<a href=""http://twitter.com/download/iphone"" rel=""nofollow"">Twitter for iPhone</a>",,,,
'693486368408756224',@dinodaizovi @karangoel Twitter is the only place I see public security advisories from individuals outside of packet storm and exploit db,en,Reply,0,0,0,0,,2016-01-30 18:30:09,"<a href=""http://twitter.com/download/iphone"" rel=""nofollow"">Twitter for iPhone</a>",,,,
'693485343874486272',@ashk4n @whitehouseostp 1 year and easy federal and state mandates could secure 90% of government *sigh*,en,Reply,0,0,0,0,,2016-01-30 18:26:04,"<a href=""http://twitter.com/download/iphone"" rel=""nofollow"">Twitter for iPhone</a>",,,,
'693485060184416256',@Dinosn round two of similar 6mo old defeat?,en,Reply,0,0,0,0,,2016-01-30 18:24:57,"<a href=""http://twitter.com/download/iphone"" rel=""nofollow"">Twitter for iPhone</a>",,,,
'693484686522261505',@NSAGov @mikko @enigmaconf isn't that possibly impossible?,en,Reply,0,0,0,0,,2016-01-30 18:23:28,"<a href=""http://twitter.com/download/iphone"" rel=""nofollow"">Twitter for iPhone</a>",,,,
'693484557786451969',@DumpAnalysis @thepacketrat sad... Hire new everyone lol just kidding hackers don't know aerospace,en,Reply,0,0,0,0,,2016-01-30 18:22:57,"<a href=""http://twitter.com/download/iphone"" rel=""nofollow"">Twitter for iPhone</a>",,,,
'693479149726355456',@gregnb more alive than ever lol honestly wow.. I've been a moron for 20 and now I'm traveling ;) go figure.,en,Reply,0,0,0,0,,2016-01-30 18:01:28,"<a href=""http://twitter.com/download/iphone"" rel=""nofollow"">Twitter for iPhone</a>",,,,
'693477874813173760',@_mr_me_ so essentially all compilers and architectures handle this differently? ;),en,Reply,0,0,0,0,,2016-01-30 17:56:24,"<a href=""http://twitter.com/download/iphone"" rel=""nofollow"">Twitter for iPhone</a>",,,,
'693477356875309056',@d_olex what Windows version are tot fuzzing  7/8? And any opcodes limited on newer from Windows service/driver with Windows new hypervisor,en,Reply,0,0,0,0,,2016-01-30 17:54:20,"<a href=""http://twitter.com/download/iphone"" rel=""nofollow"">Twitter for iPhone</a>",,,,
'693476534867226624',@dinodaizovi @againsthimself who is the defensive conversation towards? Lol guaranteed in this Twitter base,en,Reply,0,0,0,0,,2016-01-30 17:51:04,"<a href=""http://twitter.com/download/iphone"" rel=""nofollow"">Twitter for iPhone</a>",,,,
'693474253627219968',@daveaitel I really do like how you always try to give back to the community :),en,Reply,0,0,0,0,,2016-01-30 17:42:00,"<a href=""http://twitter.com/download/iphone"" rel=""nofollow"">Twitter for iPhone</a>",,,,
'693470911794540546',@0xcharlie lol I rem meeting you in 2010 and would def listen to you 100x more ;) hope all is well... I'm same .. Lol funny;),en,Reply,0,0,0,0,,2016-01-30 17:28:44,"<a href=""http://twitter.com/download/iphone"" rel=""nofollow"">Twitter for iPhone</a>",,,,
'693470477583396865',"@0xabad1dea cataplexy I think ...if serotonin is high it's positive if low then feels like something smothering you , eh?",en,Reply,0,0,0,0,,2016-01-30 17:27:00,"<a href=""http://twitter.com/download/iphone"" rel=""nofollow"">Twitter for iPhone</a>",,,,
'693470141690941440',@esizkur is this your research ? Love it... People have no idea how much DOM/JS affects everything these days,en,Reply,0,0,0,0,,2016-01-30 17:25:40,"<a href=""http://twitter.com/download/iphone"" rel=""nofollow"">Twitter for iPhone</a>",,,,
'693469632947027969',@0xabad1dea good luck!,en,Reply,0,0,0,0,,2016-01-30 17:23:39,"<a href=""http://twitter.com/download/iphone"" rel=""nofollow"">Twitter for iPhone</a>",,,,
'693469573765398528',@0xabad1dea I've had that in the past... Form of narcolepsy.. Less coffee and relaxation and it'll go away.. Circadian rhythm nonsense too,en,Reply,0,0,0,1,,2016-01-30 17:23:25,"<a href=""http://twitter.com/download/iphone"" rel=""nofollow"">Twitter for iPhone</a>",,,,
'693469070197284865',@s7ephen amazing actually... At least globalization and Internet is helping on a massive scale outside of our industry :),en,Reply,0,0,0,0,,2016-01-30 17:21:25,"<a href=""http://twitter.com/download/iphone"" rel=""nofollow"">Twitter for iPhone</a>",,,,
'693360252960403456',"I hope people solve this equation.. its about to get exponentially more complicated. #""fun"" #simplemath #life",en,Tweet,0,0,0,0,,2016-01-30 10:09:00,"<a href=""http://twitter.com"" rel=""nofollow"">Twitter Web Client</a>","#simplemath,#life",,,
'690595346305716225',@pencilsareneat Thats exactly how I'm beginning to think about my life &amp; the past 20 years w the US gov's involvement...,en,Tweet,0,0,0,0,,2016-01-22 19:02:15,"<a href=""http://twitter.com"" rel=""nofollow"">Twitter Web Client</a>",,,,
'690422970725068800',@taviso I'm going to be releasing a cool open source worm that's almost done soon :),en,Reply,0,0,0,0,,2016-01-22 07:37:18,"<a href=""http://twitter.com"" rel=""nofollow"">Twitter Web Client</a>",,,,
'690422740478758912',Anyone ever find these in their house?? https://t.co/cv3cMU6TX0,en,Tweet,0,0,0,0,,2016-01-22 07:36:23,"<a href=""http://twitter.com"" rel=""nofollow"">Twitter Web Client</a>",,,photo,https://pbs.twimg.com/media/CZTfv6aVIAAQxlh.png
'688393751404933120',I'm sure everybody loves how netflix waited until the quarterly was about to get released to make its VPN decision... ;),en,Tweet,0,2,0,0,,2016-01-16 17:13:54,"<a href=""http://twitter.com"" rel=""nofollow"">Twitter Web Client</a>",,,,
'688044556156321793',"Why doesn't major Linux distros force memset(ptr,0,size) after every malloc? .. for non optimized systems.. it could really help future &lt;3..",en,Tweet,0,0,0,0,,2016-01-15 18:06:20,"<a href=""http://twitter.com"" rel=""nofollow"">Twitter Web Client</a>",,,,
'687607772054208512',@josephfcox @thegrugq  I believe quite the opposite.. Crypto will stop bulk hacking.  At least that's what I am working on.. ;),en,Reply,0,0,0,0,,2016-01-14 13:10:42,"<a href=""http://twitter.com"" rel=""nofollow"">Twitter Web Client</a>",,,,
'687607228996694016',Intel SGX - Ultimate malware/backdoor protection... Let's see how this plays out.  I think I'll have to start filtering new Intel opcodes...,en,Tweet,0,0,0,0,,2016-01-14 13:08:33,"<a href=""http://twitter.com"" rel=""nofollow"">Twitter Web Client</a>",,,,
'687456252956422144',"""Do we steal eco info? Of course we do: precursor chem, dual-use equipment... money laundering. But we do not do it for comm adv."" - wow..",en,Tweet,0,0,0,0,,2016-01-14 03:08:37,"<a href=""http://twitter.com"" rel=""nofollow"">Twitter Web Client</a>",,,,
'686799903104733184',"Cryptography is going to do the same for computers that allowed us to separate what we think in our minds, and what we see with our eyes.",en,Tweet,0,1,0,0,,2016-01-12 07:40:31,"<a href=""http://twitter.com"" rel=""nofollow"">Twitter Web Client</a>",,,,
'663271827003805696',#icloud #backup check the backups! :),en,Tweet,0,0,0,1,,2015-11-08 09:28:21,"<a href=""http://twitter.com"" rel=""nofollow"">Twitter Web Client</a>","#icloud,#backup",,,
'659901023075586048',@phifli Some things really do not have to be implemented in silicon...,en,Reply,0,0,0,0,,2015-10-30 02:13:58,"<a href=""http://twitter.com"" rel=""nofollow"">Twitter Web Client</a>",,,,
'659900905341456385',https://t.co/sr5NyxZ0mc - is this a joke? You can easily hook malloc/HeapAlloc and HEAP_ZERO_MEMORY or memset on all OS now.. and i would ;),en,Tweet,0,0,0,1,,2015-10-30 02:13:30,"<a href=""http://twitter.com"" rel=""nofollow"">Twitter Web Client</a>",,http://www.theregister.co.uk/2015/10/28/oracle_sparc_m7/,,
'639663994949795840',#lptre0,qht,Tweet,0,0,0,0,,2015-09-04 06:59:15,"<a href=""http://twitter.com"" rel=""nofollow"">Twitter Web Client</a>",#lptre0,,,
'610493226034794496',"ocspd is a huge data leak... It is right up there with analytics, and 3rd party cookies in regards to browsing history #infosec #ssl",en,Tweet,0,0,0,0,,2015-06-15 19:05:02,"<a href=""http://twitter.com"" rel=""nofollow"">Twitter Web Client</a>","#infosec,#ssl",,,
'591789228612280320',@moong1ider that was misguided.. anyways drop me your email.. or mail me mike@easystyle.org,en,Reply,0,0,0,0,,2015-04-25 04:22:01,"<a href=""http://twitter.com"" rel=""nofollow"">Twitter Web Client</a>",,,,
'591081134022209539',@moong1ider im releasing a free AV soon :) .. it works ;) btw drop me your email or skype/aim,en,Reply,0,0,0,1,,2015-04-23 05:28:18,"<a href=""http://twitter.com"" rel=""nofollow"">Twitter Web Client</a>",,,,
'591060754201186304',@moong1ider ok try to heapcreate and allocate 1 byte more than the heap allows.. Bypass :),en,Reply,0,0,0,1,,2015-04-23 04:07:19,"<a href=""http://twitter.com/download/iphone"" rel=""nofollow"">Twitter for iPhone</a>",,,,
'575216031658033152',Lol.. havent you tried to just spray random win32 API everywhere? @moong1ider,en,Reply,0,0,0,1,,2015-03-10 09:46:03,"<a href=""http://twitter.com"" rel=""nofollow"">Twitter Web Client</a>",,,,
'564570322725527553',RT @undefined: A woman saying “I’m not mad at you” is like a dentist saying “You won’t feel a thing.”,en,Retweet,0,1702,989,20,,2015-02-09 00:43:48,"<a href=""http://twitter.com/download/iphone"" rel=""nofollow"">Twitter for iPhone</a>",,,,
'564601468825907200',"RT @undefined: ""You have to be odd to be number one.""--Dr. Seuss (from http://t.co/OFGhi0aRHu)",en,Retweet,0,2,3,0,,2015-02-09 02:47:34,"<a href=""http://www.cloudhopper.com/"" rel=""nofollow"">Twitter SMS</a>",,http://imgur.com/8mJS0qF,,
'557520186593775617',RT @undefined: Al Qaeda issues tutorial video for jihadists based on Snowden leaks http://t.co/sHX5Sis7th http://t.co/E97USWBTSR,en,Retweet,0,19,35,5,,2015-01-20 13:49:05,"<a href=""http://www.socialflow.com"" rel=""nofollow"">SocialFlow</a>",,http://dailym.ai/15qAADd,photo,https://pbs.twimg.com/media/B7y1p-JIYAAMeZH.jpg
'555156160370999296',Obama Presents Proposals to Counter Cyberattacks http://t.co/8yU9H5AamO - I hope this isn't as packed as the health care bills :/,en,Tweet,0,0,0,0,,2015-01-14 01:15:17,"<a href=""http://twitter.com/download/iphone"" rel=""nofollow"">Twitter for iPhone</a>",,http://nyti.ms/1xkqrNE,,
'549421337522241536',http://t.co/pydxZ5rbz1 - sheesh,hi,Tweet,0,0,0,0,,2014-12-29 05:27:09,"<a href=""http://twitter.com"" rel=""nofollow"">Twitter Web Client</a>",,http://www.codingadventures.com/2008/04/youve-got-to-be-kidding-me/,,
'549095105928638464',No love- http://t.co/Uo1NxDo6jK,en,Tweet,0,0,0,0,,2014-12-28 07:50:49,"<a href=""http://twitter.com/download/iphone"" rel=""nofollow"">Twitter for iPhone</a>",,http://www.newyorker.com/business/currency/airlines-want-you-to-suffer?intcid=mod-latest,,
'549012088681934848',"RT @undefined: ""When the student is ready, the teacher will appear."" ~ Buddha",en,Retweet,0,36,34,0,,2014-12-28 02:20:56,"<a href=""https://www.socialoomph.com"" rel=""nofollow"">SocialOomph</a>",,,,
'541265861668249600',http://t.co/fbEed59ewL #reality,qme,Tweet,0,0,0,0,,2014-12-06 17:20:12,"<a href=""http://twitter.com"" rel=""nofollow"">Twitter Web Client</a>",#reality,http://www.theregister.co.uk/2014/12/06/the_internet_is_less_free_than_last_year/,,
'537728958955941889',https://t.co/yP2R4feWw3 - hell yeah.. personally I think that a 90 day window is pretty decent considering some people exploit for years ;),en,Tweet,0,0,0,0,,2014-11-26 23:05:48,"<a href=""http://twitter.com"" rel=""nofollow"">Twitter Web Client</a>",,https://code.google.com/p/google-security-research/issues/detail?id=103,,
'537663097184727040',spam! http://t.co/FuWl5SlJ1D,pl,Tweet,0,0,0,0,,2014-11-26 18:44:06,"<a href=""http://www.apple.com/"" rel=""nofollow"">OS X</a>",,,photo,https://pbs.twimg.com/media/B3YpvO0IgAA54Pq.jpg
'535384136215957504',https://t.co/9z0YzmvsPt - definitely a plus for anyone using node.js,en,Tweet,0,1,1,0,,2014-11-20 11:48:19,"<a href=""http://twitter.com"" rel=""nofollow"">Twitter Web Client</a>",,https://nodesecurity.io,,
'514610899915915264',"When attempting to get additional security training, etc the request was denied with the explanation, ""We sell hammers.” - Home Depot LOL",en,Tweet,0,0,0,0,,2014-09-24 05:02:54,"<a href=""http://twitter.com"" rel=""nofollow"">Twitter Web Client</a>",,,,
'507255620521984002',RT @undefined: Direct link to Hacking the Abacus by Michael Locasto and @sergeybratus (PDF) http://t.co/n7KfRbMXja,en,Retweet,0,1,1,0,,2014-09-03 21:55:38,"<a href=""http://twitter.com"" rel=""nofollow"">Twitter Web Client</a>",,http://www.cs.dartmouth.edu/~sergey/drafts/sismat-manual-locasto.pdf,,
'507263345217777665',@_defcon_ thanks abunch!,en,Reply,0,0,0,0,,2014-09-03 22:26:20,"<a href=""http://twitter.com"" rel=""nofollow"">Twitter Web Client</a>",,,,
'507255803309752321',"@_defcon_ Not Found
The server has not found anything matching the Request-URI.",en,Reply,0,0,0,1,,2014-09-03 21:56:22,"<a href=""http://twitter.com"" rel=""nofollow"">Twitter Web Client</a>",,,,
'507255476514750464',#facebook #offline Facebook is down...time for actual life? :),en,Tweet,0,0,0,0,,2014-09-03 21:55:04,"<a href=""http://twitter.com"" rel=""nofollow"">Twitter Web Client</a>","#facebook,#offline",,,
'505419710436216832',"RT @undefined: mini posters of ELF/PE/Mach-O/DOL ZIP/RAR BMP/PNG x86/x64 PDF SWF WAV, on black BG https://t.co/aV77zL2xa6 http://t.co/xJoRwXmDrO",en,Retweet,1,50,43,1,,2014-08-29 20:20:23,"<a href=""https://about.twitter.com/products/tweetdeck"" rel=""nofollow"">TweetDeck</a>",,https://imgur.com/a/5PdMA,photo,https://pbs.twimg.com/media/BwOcjD2IgAAou7q.png
'501991534841970688',#security #ap http://t.co/fwSB1p4GHA Do they really believe this is in the best interest? Funding has clearly gone in the wrong direction!,en,Tweet,0,0,0,0,,2014-08-20 09:18:03,"<a href=""http://twitter.com"" rel=""nofollow"">Twitter Web Client</a>","#security,#ap",http://www.scmagazine.com/ap-denied-security-docs-on-healthcaregov-a-risk-to-private-information/article/367040/,,
'500525796482908160',#asm Coder with low level knowledge?  e-mail me mike@mikeguidry.net .. I have developed a framework for ASM modifications that is very easy!,en,Tweet,0,0,0,0,,2014-08-16 08:13:43,"<a href=""http://twitter.com"" rel=""nofollow"">Twitter Web Client</a>",#asm,,,
'498958321328881664',#malware #xen #emu https://t.co/YL72KvKtEg #x86emu It's extremely easy to reuse this code for reverse engineering! bad ass...,en,Tweet,0,0,0,0,,2014-08-12 00:25:08,"<a href=""http://twitter.com"" rel=""nofollow"">Twitter Web Client</a>","#malware,#xen,#emu,#x86emu",https://github.com/avsm/xen-unstable/blob/master/xen/arch/x86/x86_emulate/x86_emulate.c,,
'498956564712402944',"#hackrf 2x HackRF (for full duplex) just arrived!  .. sigh now I just have to wait for gnuradio, etc to compile :)",en,Tweet,0,0,0,0,,2014-08-12 00:18:09,"<a href=""http://twitter.com"" rel=""nofollow"">Twitter Web Client</a>",#hackrf,,,
'496281646812123137',How the ****** does google 'auto-awesome' a photo???? #google #photo #beach #autoawesome http://t.co/cBdkypjrXe,en,Tweet,0,0,0,0,,2014-08-04 15:08:59,"<a href=""http://twitter.com"" rel=""nofollow"">Twitter Web Client</a>","#google,#photo,#beach,#autoawesome",,photo,https://pbs.twimg.com/media/BuMlhxJIQAAzzZ1.jpg
'496280725143183360',@joernchen hahahah awesome! i thought i was the only one!,en,Reply,0,0,0,1,,2014-08-04 15:05:19,"<a href=""http://twitter.com"" rel=""nofollow"">Twitter Web Client</a>",,,,
'496280449652916224',"@nicowaisman #nmbd #samba Anytime you have ""unstrcpy,"" you are probably entering the twilight zone!",en,Reply,0,0,0,0,,2014-08-04 15:04:14,"<a href=""http://twitter.com"" rel=""nofollow"">Twitter Web Client</a>","#nmbd,#samba",,,
'496279961272332289',"@thegrugq #opsec #mariajuanaThailand Yeah, Don't do drugs in Thailand!  ie: Brokedown place... hahhaha.. but serious.  It is not a joke.",en,Reply,0,0,0,0,,2014-08-04 15:02:17,"<a href=""http://twitter.com"" rel=""nofollow"">Twitter Web Client</a>","#opsec,#mariajuanaThailand",,,
'496278139900018688',good morning! it's always nice to wake up and see that your browser has ran off with your memory... and is ensuring your fan works!#chromium,en,Tweet,0,2,0,0,,2014-08-04 14:55:03,"<a href=""http://twitter.com"" rel=""nofollow"">Twitter Web Client</a>",#chromium,,,
'495051858348879873',#gangrelatedfox hell yeah! wow ... that must've been one of the best episodes thus far!,en,Tweet,0,0,0,0,,2014-08-01 05:42:15,"<a href=""http://twitter.com"" rel=""nofollow"">Twitter Web Client</a>",#gangrelatedfox,,,
'494664352515903488',Ohh yeahhhh.. should be interesting #GracelandTV http://t.co/gWXI9tWXT4,en,Tweet,0,0,0,0,,2014-07-31 04:02:26,"<a href=""https://dev.twitter.com/docs/tfw"" rel=""nofollow"">Twitter for Websites</a>",#GracelandTV,http://awe.sm/bKLYv,,
'494327511137124352',@capstone_engine thanks so much you guys are awesome!,en,Reply,0,1,0,0,,2014-07-30 05:43:57,"<a href=""http://twitter.com"" rel=""nofollow"">Twitter Web Client</a>",,,,
'494320444624084993',@capstone_engine will do.. ill use my modified and wait for the next version and check it out.. thanks abunch for the very quick response!,en,Reply,0,0,0,1,,2014-07-30 05:15:52,"<a href=""http://twitter.com"" rel=""nofollow"">Twitter Web Client</a>",,,,
'494319555796566016',@capstone_engine I want to know the exact location of the addresses so i can modify them.... only way is to know the offset,en,Reply,0,0,0,1,,2014-07-30 05:12:20,"<a href=""http://twitter.com"" rel=""nofollow"">Twitter Web Client</a>",,,,
'494316945282711552',@capstone_engine Thank you! any eta? :)  I was considering pushing some changes.. but im glad this was noticed..i kept seeing 0s where i exp,en,Reply,0,0,0,1,,2014-07-30 05:01:58,"<a href=""http://twitter.com"" rel=""nofollow"">Twitter Web Client</a>",,,,
'494302070913368065',@capstone_engine Ive seen them... I dumped all information... None of it worked out for it....need displacementOffset,en,Reply,0,0,0,1,,2014-07-30 04:02:52,"<a href=""http://twitter.com"" rel=""nofollow"">Twitter Web Client</a>",,,,
'494247338031202305',@capstone_engine I &lt;3 it.  I want the offset for the Displacement.  I would like access to eaDisplacement. Possible? Did I miss something?,en,Tweet,0,0,0,1,,2014-07-30 00:25:22,"<a href=""http://twitter.com"" rel=""nofollow"">Twitter Web Client</a>",,,,
'452162768456941568',@gregnb drop me your AIM :),en,Reply,0,0,0,2,,2014-04-04 21:16:19,"<a href=""http://twitter.com"" rel=""nofollow"">Twitter Web Client</a>",,,,
'450539623618732032',@HackingDave I can't believe that was even a finale.. wow...this was news to me :(,en,Reply,0,0,0,0,,2014-03-31 09:46:31,"<a href=""http://twitter.com"" rel=""nofollow"">Twitter Web Client</a>",,,,
'406991045700755457',@gregnb everything is cool.. im still on AIM as phifli and http://t.co/c6YzjiKI8e .. shoot me an IM,en,Reply,0,0,0,1,,2013-12-01 04:40:01,"<a href=""http://twitter.com"" rel=""nofollow"">Twitter Web Client</a>",,http://facebook.com/phifli,,
'406988885764227072',Safe to say my first desolder sucks! http://t.co/5FXlhzlYSR,en,Tweet,0,0,0,1,,2013-12-01 04:31:26,"<a href=""http://twitter.com/download/iphone"" rel=""nofollow"">Twitter for iPhone</a>",,,photo,https://pbs.twimg.com/media/BaXqPC4CYAAswpq.jpg
'397986864981745664',@clueby4 :( im in sydney dude! get in touch +61481237521.. anyone who knows him.. please let him know :) tell him phifli,en,Tweet,0,0,0,0,,2013-11-06 08:20:37,"<a href=""http://twitter.com"" rel=""nofollow"">Twitter Web Client</a>",,,,
'396906044804182016',hey im hitting sydney monday morning! melbourne thurs.. email me your phone number mike@mikeguidry.net - phifli,en,Tweet,0,0,0,0,,2013-11-03 08:45:49,"<a href=""http://twitter.com"" rel=""nofollow"">Twitter Web Client</a>",,,,
'357311081997271040',@_dvorak_ shoot me an e-mail: mike@mikeguidry.net and we can talk on skype/aim/irc,en,Tweet,0,0,0,0,,2013-07-17 03:29:35,"<a href=""http://twitter.com"" rel=""nofollow"">Twitter Web Client</a>",,,,
'336708810557251584',"RT @undefined: If you aren't operating under the assumption that everything you do on the Internet is logged, you don't understand the Internet",en,Retweet,0,16,48,6,,2013-05-21 07:03:30,"<a href=""http://twitter.com"" rel=""nofollow"">Twitter Web Client</a>",,,,
'336671933351489536',http://t.co/9G60IoTfXJ - Awesome,en,Tweet,0,0,0,0,,2013-05-21 04:36:58,"<a href=""http://twitter.com"" rel=""nofollow"">Twitter Web Client</a>",,http://www.wired.com/wiredscience/2013/05/twin-primes/all/,,
'333393497681981440',@0xcharlie congrats! my best was 23:32! awesome time @ 19:47!,en,Reply,0,0,0,0,,2013-05-12 03:29:38,"<a href=""http://itunes.apple.com/us/app/twitter/id409789998?mt=12"" rel=""nofollow"">Twitter for Mac</a>",,,,
'332408144196169728',@mikedamm My SMTP is failing as well!,en,Reply,0,0,0,0,,2013-05-09 10:14:12,"<a href=""http://itunes.apple.com/us/app/twitter/id409789998?mt=12"" rel=""nofollow"">Twitter for Mac</a>",,,,
'330332347016826880',@0x6D6172696F i HOPE the NSA isn't worrying about torrents... when we have issues like boston,en,Tweet,0,0,0,0,,2013-05-03 16:45:43,"<a href=""http://itunes.apple.com/us/app/twitter/id409789998?mt=12"" rel=""nofollow"">Twitter for Mac</a>",,,,
'320811865028567041',Birthday party with Anna (@ Drake w/ 14 others) http://t.co/hLqeoqdJgk,en,Tweet,0,0,0,0,,2013-04-07 10:14:43,"<a href=""http://foursquare.com"" rel=""nofollow"">Foursquare</a>",,http://4sq.com/16Fwgec,,
'310387980219064320',Food! (@ The Pump Room) http://t.co/GRUTKGJapU,en,Tweet,0,0,0,0,,2013-03-09 14:53:55,"<a href=""http://foursquare.com"" rel=""nofollow"">Foursquare</a>",,http://4sq.com/15E0C06,,
'308183383962447874',"I just unlocked the ""Adventurer"" badge on @foursquare for checking in to ten different places! http://t.co/fP00EonTEV",en,Tweet,0,0,0,0,,2013-03-03 12:53:39,"<a href=""http://foursquare.com"" rel=""nofollow"">Foursquare</a>",,http://4sq.com/13yRA6o,,
'307981280316895233',@prosynk MAMA is the way to go!,en,Reply,0,0,0,0,,2013-03-02 23:30:33,"<a href=""http://twitter.com"" rel=""nofollow"">Twitter Web Client</a>",,,,
'305891193760399360',chuckie's back http://t.co/GCeB65Vhhb,en,Tweet,0,0,0,0,,2013-02-25 05:05:18,"<a href=""http://www.apple.com"" rel=""nofollow"">iOS</a>",,,photo,https://pbs.twimg.com/media/BD6-a4hCQAAwo0S.jpg
'304730062576574464',random chinese with Anna (@ E&amp;O Asian Kitchen) [pic]: http://t.co/AWHe4s8NKb,en,Tweet,0,0,0,0,,2013-02-22 00:11:23,"<a href=""http://foursquare.com"" rel=""nofollow"">Foursquare</a>",,http://4sq.com/YJQSvw,,
'303349050806239232',Pickle martinis (@ XIX) http://t.co/c8kkT0Nf,ro,Tweet,0,0,0,0,,2013-02-18 04:43:44,"<a href=""http://foursquare.com"" rel=""nofollow"">Foursquare</a>",,http://4sq.com/12ZMawc,,
'299332329057435648',Awesome food! (at @bisoubistro) http://t.co/1Y8rDbvX,en,Tweet,0,0,0,0,,2013-02-07 02:42:43,"<a href=""http://foursquare.com"" rel=""nofollow"">Foursquare</a>",,http://4sq.com/WPR9Qv,,
'297915330456588289',Eating pho!! (@ Phở Phú Quốc Vietnamese) http://t.co/QlUh3gko,vi,Tweet,0,0,0,0,,2013-02-03 04:52:04,"<a href=""http://foursquare.com"" rel=""nofollow"">Foursquare</a>",,http://4sq.com/YLYLq8,,
'297623443380256768',Drinking w Martin (@ W San Francisco w/ 9 others) http://t.co/rxJQma0y,en,Tweet,0,0,0,0,,2013-02-02 09:32:13,"<a href=""http://foursquare.com"" rel=""nofollow"">Foursquare</a>",,http://4sq.com/11wTajs,,
'297077100022738944',"I just unlocked the ""Newbie"" badge on @foursquare for checking in for the first time! http://t.co/XtwJbgLH",en,Tweet,0,0,0,0,,2013-01-31 21:21:14,"<a href=""http://foursquare.com"" rel=""nofollow"">Foursquare</a>",,http://4sq.com/XMiQ92,,
'297077099884318720',"I just unlocked the ""Swarm"" badge on @foursquare! http://t.co/0eAFr23Z",en,Tweet,0,0,0,0,,2013-01-31 21:21:14,"<a href=""http://foursquare.com"" rel=""nofollow"">Foursquare</a>",,http://4sq.com/XMiQWq,,
'296380300940955648',@BettyDr4v3n ohhhh yeahhh,en,Reply,0,0,0,0,,2013-01-29 23:12:24,"<a href=""http://twitter.com"" rel=""nofollow"">Twitter Web Client</a>",,,,
'296376154405863425',Does anyone know of a really good decently priced digital oscilloscope for sale with high sampling rates and RF &gt;= 6ghz?,en,Tweet,0,2,0,1,,2013-01-29 22:55:56,"<a href=""http://twitter.com"" rel=""nofollow"">Twitter Web Client</a>",,,,
'294801482274988032',Under the weather? Try my concoction! #sick #cold #via #emergen-c #starbucks #caffeine #lime #raspberry http://t.co/K6ug5VrN,en,Tweet,0,0,0,0,,2013-01-25 14:38:45,"<a href=""http://twitter.com/download/iphone"" rel=""nofollow"">Twitter for iPhone</a>","#sick,#cold,#via,#emergen,#starbucks,#caffeine,#lime,#raspberry",,photo,https://pbs.twimg.com/media/BBdYYt6CYAEemc8.jpg
'287282284577574912',@PKaye26 me? Hanna why are men being ridiculous relating to me,en,Tweet,0,0,0,0,,2013-01-04 20:40:08,"<a href=""http://twitter.com/download/iphone"" rel=""nofollow"">Twitter for iPhone</a>",,,,
'286905725836464128',#silica #hentai #sbux #wifi nothing like seeing m*pornhub*com hentai pages being loaded by a girl on a PSP at starbucks http://t.co/VbxmJk1W,en,Tweet,0,2,3,1,,2013-01-03 19:43:51,"<a href=""http://twitter.com"" rel=""nofollow"">Twitter Web Client</a>","#silica,#hentai,#sbux,#wifi",,photo,https://pbs.twimg.com/media/A_tLPNECEAA1eRU.jpg
'286905627517788161',@phifli @prosynk happy new year. sorry last time.. i included a correct hash tag for it :).. im new to twitter lol,en,Reply,0,0,0,0,,2013-01-03 19:43:26,"<a href=""http://twitter.com"" rel=""nofollow"">Twitter Web Client</a>",,,,
'286905556973785088',#silica #hentai #sbux #wifi nothing like seeing m*pornhub*com hentai pages being loaded by a girl on a PSP at starbucks http://t.co/gEM6yH2v,en,Tweet,0,1,1,0,,2013-01-03 19:43:10,"<a href=""http://twitter.com"" rel=""nofollow"">Twitter Web Client</a>","#silica,#hentai,#sbux,#wifi",,photo,https://pbs.twimg.com/media/A_tLFX_CEAEjfvS.jpg
'286905129163173888',@prosynk use the new one.. has a screen shot ;),en,Reply,0,0,0,2,,2013-01-03 19:41:27,"<a href=""http://twitter.com"" rel=""nofollow"">Twitter Web Client</a>",,,,
'286904463611023360',@prosynk try now.. i turned off private :),en,Reply,0,0,0,1,,2013-01-03 19:38:49,"<a href=""http://twitter.com"" rel=""nofollow"">Twitter Web Client</a>",,,,
'286904135532564480',@pusscat haha just stop responding to them for a couple months.. they closed mine automatic once you have $0 in it :),en,Reply,0,0,0,0,,2013-01-03 19:37:30,"<a href=""http://twitter.com"" rel=""nofollow"">Twitter Web Client</a>",,,,
'286903842170363904',@prosynk haha why cant you? :),en,Reply,0,0,0,1,,2013-01-03 19:36:21,"<a href=""http://twitter.com"" rel=""nofollow"">Twitter Web Client</a>",,,,
'286220502144516097',RT @undefined: Back the USA! Good to hear my native language of Spanglish again,en,Retweet,0,1,1,2,,2013-01-01 22:21:00,"<a href=""http://twitter.com/download/android"" rel=""nofollow"">Twitter for Android</a>",,,,
'286221767612170241',Omg. Really? #angrybirds #candy #wtf http://t.co/yNV1yDh,en,Tweet,0,0,0,0,,2013-01-01 22:26:02,"<a href=""http://twitter.com/download/iphone"" rel=""nofollow"">Twitter for iPhone</a>","#angrybirds,#candy,#wtf",,photo,https://pbs.twimg.com/media/A_jdLmICAAABg-O.jpg
'278573144330084352',"""Treasury sells final AIG shares for a $22.7B gain"" $5.0B to Treasury, and $17.7b for Federal Reserve... Bailout w/profit ;)",en,Tweet,0,0,0,0,,2012-12-11 19:53:07,"<a href=""http://www.metrotwit.com/"" rel=""nofollow"">MetroTwit</a>",,,,
'268420327640547330',"@mikko I once had Lion(Mac) replace ""..."" with another ... symbol.. let's just say PGP WDE didn't...",en,Reply,0,0,0,0,,2012-11-13 19:29:27,"<a href=""http://twitter.com"" rel=""nofollow"">Twitter Web Client</a>",,,,
'267449533879959552',http://t.co/wiO5TX7,zxx,Tweet,0,0,0,0,,2012-11-11 03:11:52,"<a href=""http://twitter.com"" rel=""nofollow"">Twitter Web Client</a>",,http://www.medicalnewstoday.com/articles/252635.php,,
'265195668421873664',RT @undefined: .magnet link for the ESX kernel leak: http://t.co/4rmdn27W #forthelazy,en,Retweet,0,1,3,1,,2012-11-04 21:55:49,"<a href=""https://about.twitter.com/products/tweetdeck"" rel=""nofollow"">TweetDeck</a>",#forthelazy,http://bit.ly/Qgihrd,,
'264200406228402176',@caro2point0 happy birthday!,en,Reply,0,0,0,1,,2012-11-02 04:01:00,"<a href=""http://twitter.com/download/iphone"" rel=""nofollow"">Twitter for iPhone</a>",,,,
'262030813409992704',#peanutbutter http://t.co/q1IWtS8,qme,Tweet,0,0,0,0,,2012-10-27 05:19:49,"<a href=""http://www.apple.com"" rel=""nofollow"">Camera on iOS</a>",#peanutbutter,,photo,https://pbs.twimg.com/media/A6LrovICYAAu6Rd.jpg
'261489526650834944',Security vulnerability #overflow http://t.co/Sn0MmLt,en,Tweet,0,0,0,0,,2012-10-25 17:28:56,"<a href=""http://twitter.com/download/iphone"" rel=""nofollow"">Twitter for iPhone</a>",#overflow,,photo,https://pbs.twimg.com/media/A6D_VszCEAAGNre.jpg
'259724284468002816',GeoIP' configure script.. interesting: Tor requires zlib to build.,en,Tweet,0,0,0,0,,2012-10-20 20:34:29,"<a href=""http://twitter.com"" rel=""nofollow"">Twitter Web Client</a>",,,,
'258601818005831683',@climagic You don't need to hit return before ~. :),en,Reply,0,0,0,0,,2012-10-17 18:14:12,"<a href=""http://twitter.com"" rel=""nofollow"">Twitter Web Client</a>",,,,
'257741069301719040',I am starting a project publicly..code.google.com/p/asmrealign I'd love to devel with some people.. Modifying compiled ASM code + Realign :),en,Tweet,0,0,0,0,,2012-10-15 09:13:54,"<a href=""http://twitter.com"" rel=""nofollow"">Twitter Web Client</a>",,,,
'256217407016800258',"haven't used LittleSnitch in awhile, and just decided to never ever boot OSX without it! Radar submissions,EHLOS, etc! http://t.co/JDbyWve",en,Tweet,0,0,0,0,,2012-10-11 04:19:25,"<a href=""http://twitter.com"" rel=""nofollow"">Twitter Web Client</a>",,,photo,https://pbs.twimg.com/media/A45EX8sCEAEZYup.jpg
'254317461988601856',IDA Pro cannot load browselc.dll from XP...  @IDA @HexRays,en,Tweet,0,0,0,0,,2012-10-05 22:29:42,"<a href=""http://twitter.com"" rel=""nofollow"">Twitter Web Client</a>",,,,
'236222710009692161',"RT @undefined: RT:A byte walks into the bar. The bartender asks, “Hey, what’s wrong?” “Parity error,” he replies sadly. “Yeah, you do look a bit off.”",en,Retweet,0,28,182,1,,2012-08-17 00:07:37,"<a href=""https://about.twitter.com/products/tweetdeck"" rel=""nofollow"">TweetDeck</a>",,,,
'237158765311430657',@484F46464D414E #SSD That mean that it was designed that way... I highly doubt SSD went mainstream to trap you ;),en,Reply,0,0,0,0,,2012-08-19 14:07:10,"<a href=""http://twitter.com"" rel=""nofollow"">Twitter Web Client</a>",#SSD,,,
'233002981140856833',"RT @undefined: ""Do things that have never been done before"" - The guy who invented the computer  http://t.co/Kz1SAIAi",en,Retweet,0,1,7,2,,2012-08-08 02:53:34,"<a href=""https://dev.twitter.com/docs/tfw"" rel=""nofollow"">Twitter for Websites</a>",,http://joelrunyon.com/two3/an-unexpected-ass-kicking,,
'227745770621784065',@Marccio awesome man.. glad to see you involved in fashion week!,en,Reply,0,0,0,0,,2012-07-24 14:43:17,"<a href=""http://twitter.com"" rel=""nofollow"">Twitter Web Client</a>",,,,
'210968982486925312',@mgregueiro Open the lids =],en,Tweet,0,0,0,0,,2012-06-08 07:38:19,"<a href=""http://twitter.com"" rel=""nofollow"">Twitter Web Client</a>",,,,
'209019180819812353',http://t.co/MtFzttV - awesome,en,Tweet,0,0,0,0,,2012-06-02 22:30:30,"<a href=""http://twitter.com"" rel=""nofollow"">Twitter Web Client</a>",,http://theoatmeal.com/comics/game_of_thrones,,
'208263610236010501','Super-powerful' Flame worm actually boring BLOATWARE --- Wow! Finally someone has some sense to recognize....,en,Tweet,0,0,0,0,,2012-05-31 20:28:08,"<a href=""http://twitter.com"" rel=""nofollow"">Twitter Web Client</a>",,,,
'208047549536419840',http://t.co/FC96Bbg - Am I the only one that doesn't believe having McAfee installed would change ANYTHING?,en,Tweet,0,0,0,0,,2012-05-31 06:09:35,"<a href=""http://twitter.com"" rel=""nofollow"">Twitter Web Client</a>",,http://www.theregister.co.uk/2012/05/30/unprotected_windows_survey/,,
'206017426909958146',"""In three words I can sum up everything I've learned about life: It goes on."" ~Robert Frost",en,Tweet,0,0,0,0,,2012-05-25 15:42:36,"<a href=""http://twitter.com"" rel=""nofollow"">Twitter Web Client</a>",,,,
'202528065245552640',http://t.co/HffCGwb - Took MS 5 days to investigate something that U and I should have saw the moment we read the line.. system(),en,Tweet,0,0,0,0,,2012-05-16 00:37:08,"<a href=""http://twitter.com"" rel=""nofollow"">Twitter Web Client</a>",,http://blogs.msdn.com/b/oldnewthing/archive/2011/12/15/10247870.aspx,,
'199246702077673472',had another pointless venting conversation with someone whom agreed just because it benefited circumstances.....go figure...,en,Tweet,0,0,0,0,,2012-05-06 23:18:10,"<a href=""http://twitter.com"" rel=""nofollow"">Twitter Web Client</a>",,,,
'198268198016122880',Could it be possible that anyone else in this world loses as many pairs of socks as I do? #nonsense,en,Tweet,0,0,0,0,,2012-05-04 06:29:56,"<a href=""http://twitter.com/download/iphone"" rel=""nofollow"">Twitter for iPhone</a>",#nonsense,,,
'198200552054730755',Heading to Malaysia for HITBSECCONF2012  in October =],en,Tweet,0,0,0,0,,2012-05-04 02:01:08,"<a href=""http://twitter.com"" rel=""nofollow"">Twitter Web Client</a>",,,,
'197988610623029248',"RT @undefined: The cat is out of the bag thx to someone at http://t.co/Vba8YZgi. http://t.co/cA0ZQmbh Serious PHP-CGI vulnerability, read carefully! #php",en,Retweet,0,24,125,1,,2012-05-03 11:58:57,"<a href=""http://twitter.com"" rel=""nofollow"">Twitter Web Client</a>",#php,"http://PHP.net,http://eindbazen.net/2012/05/php-cgi-advisory-cve-2012-1823/",,
'197883439100334080',"RT @undefined: 28 years ago (May 3rd) with $1000, instead of studying for finals during my freshman year at the University of Texas, I started Dell.",en,Retweet,1,733,5293,207,,2012-05-03 05:01:03,"<a href=""http://twitter.com"" rel=""nofollow"">Twitter Web Client</a>",,,,
'187094788858855424',Hahaha http://t.co/YC7jRzq,tl,Tweet,0,0,0,0,,2012-04-03 10:30:50,"<a href=""http://www.apple.com"" rel=""nofollow"">Camera on iOS</a>",,,photo,https://pbs.twimg.com/media/ApixuB2CQAEVI6H.jpg
'183556075612676096',"RT @undefined: Dear employers, if your employees will give up their Facebook pword for a job, what value will they place on your network admin pword?",en,Retweet,0,39,310,10,,2012-03-24 15:09:13,"<a href=""http://getscopeapp.com"" rel=""nofollow"">Scope App</a>",,,,
'181598773800210432',RT @undefined: It was just infatuation,en,Retweet,0,0,1,0,,2012-03-19 05:31:36,"<a href=""http://ubersocial.com"" rel=""nofollow"">UberSocial for BlackBerry</a>",,,,
'178520703262396416',"""This world runs on C and C++"" http://t.co/QmM2Ub9",en,Tweet,0,1,0,0,,2012-03-10 17:40:27,"<a href=""http://itunes.apple.com/us/app/twitter/id409789998?mt=12"" rel=""nofollow"">Twitter for Mac</a>",,http://channel9.msdn.com/Events/GoingNative/GoingNative-2012/Keynote-Bjarne-Stroustrup-Cpp11-Style,,
'178098919518113792',https://t.co/ZOTYQxv - Anonymous LEAKS Symantec Antivirus Source Code... I've actually been waiting awhile for this... yo,en,Tweet,0,0,0,0,,2012-03-09 13:44:25,"<a href=""http://adium.im"" rel=""nofollow"">Adium</a>",,https://thepiratebay.se/torrent/7087027/,,
'176501160931364864',@miaubiz maybe you should create your own market..thats how it starts :),en,Tweet,0,0,0,0,,2012-03-05 03:55:30,"<a href=""http://itunes.apple.com/us/app/twitter/id409789998?mt=12"" rel=""nofollow"">Twitter for Mac</a>",,,,
'172096835916271616',@MiamiPR It isn'y only media partnerships where you have to bring something to the table :),en,Reply,0,0,0,0,,2012-02-22 00:14:17,"<a href=""http://itunes.apple.com/us/app/twitter/id409789998?mt=12"" rel=""nofollow"">Twitter for Mac</a>",,,,
'171836225655803904',Isn't that nice.. I just received an e-mail stating that I purchased something on a new device not recognized.$40 for something I didn't buy,en,Tweet,0,0,0,0,,2012-02-21 06:58:43,"<a href=""http://itunes.apple.com/us/app/twitter/id409789998?mt=12"" rel=""nofollow"">Twitter for Mac</a>",,,,
'170866538033852416',X.509 −99.8% Security: http://t.co/QHwMWgj,en,Tweet,0,0,0,0,,2012-02-18 14:45:31,"<a href=""http://adium.im"" rel=""nofollow"">Adium</a>",,http://eprint.iacr.org/2012/064.pdf,,
'168639271404716032',RT @undefined: Excellent collection of stories about the coding tricks of game developers: http://t.co/4FVMBciz,en,Retweet,0,44,40,1,,2012-02-12 11:15:10,"<a href=""https://twitterrific.com/ios"" rel=""nofollow"">Twitterrific for iOS</a>",,http://zite.to/zDXNmS,,
'168554495989661697',RT @undefined: Reversing Satellite Phones Firmware http://t.co/9juQmwVu,en,Retweet,0,2,2,0,,2012-02-12 05:38:18,"<a href=""https://dev.twitter.com/docs/tfw"" rel=""nofollow"">Twitter for Websites</a>",,http://www.reddit.com/r/ReverseEngineering/comments/pkrmh/reversing_satellite_phones_firmware/,,
'167603188126588929',@CharlieMiller  I've had that disorder for years… You'll get used to it :),en,Tweet,0,0,0,0,,2012-02-09 14:38:08,"<a href=""http://adium.im"" rel=""nofollow"">Adium</a>",,,,
'167339669372153856',@mikko If Blackhole was smart.. they would allow you to replace banners across all users infected through the exploit kit ;),en,Reply,0,0,0,0,,2012-02-08 21:11:00,"<a href=""http://adium.im"" rel=""nofollow"">Adium</a>",,,,
'167217281556942848',@miaubiz #gsm Where are the details on this?  I'm having a lot harder time than that to acquire a GSM license ;),en,Tweet,0,0,0,0,,2012-02-08 13:04:41,"<a href=""http://itunes.apple.com/us/app/twitter/id409789998?mt=12"" rel=""nofollow"">Twitter for Mac</a>",#gsm,,,
'138514207082676224',"Private lot, no moranda, no license & reg, no police paint, and no backup..  (@YouTube http://t.co/beY93ys)",en,Tweet,0,0,0,0,,2011-11-21 08:08:55,"<a href=""https://www.google.com/"" rel=""nofollow"">Google</a>",,http://youtu.be/X8y-oi5M7JM?a,,
'128198434632118272',"Finished Run with @runmeter, on South Beach 21st ... route, time 1:05:31, 4.68 miles, behind median run 2:54, see http://t.co/hmIfjh0.",en,Tweet,0,0,0,0,,2011-10-23 21:57:43,"<a href=""http://www.abvio.com/runmeter/"" rel=""nofollow"">Runmeter</a>",,http://j.mp/oAJ4oZ,,
'111823892326256642',@Threadlessdress Got you!!! :),en,Tweet,0,0,0,0,,2011-09-08 17:31:08,"<a href=""http://twitter.com"" rel=""nofollow"">Twitter Web Client</a>",,,,
'107416609479598080',"Finished Run with @runmeter, on Portugul  / Algarve route, time 42:30, 3.05 miles, see http://j.mp/pIPZ2P, average 13:56.",en,Tweet,0,0,0,0,,2011-08-27 13:38:10,"<a href=""http://www.abvio.com/runmeter/"" rel=""nofollow"">Runmeter</a>",,,,
'102467507478212608',@wannajuana  how are you ? :) i hope that the rest of your night went well... we had a blast... gonna go out again tonight. what about yall?,en,Tweet,0,0,0,0,,2011-08-13 21:52:12,"<a href=""http://twitter.com"" rel=""nofollow"">Twitter Web Client</a>",,,,
'102042148437897216',"Finished Run with @runmeter, on a new route, time 1:14:25, 6.02 miles, see http://j.mp/nDeFWH, average 12:21.",en,Tweet,0,0,0,0,,2011-08-12 17:41:58,"<a href=""http://www.abvio.com/runmeter/"" rel=""nofollow"">Runmeter</a>",,,,
'101650043584512000',"Finished Run with @runmeter, on a new route, time 1:03:23, 5.79 miles, see http://j.mp/qz3baE, average 10:57.",en,Tweet,0,0,0,0,,2011-08-11 15:43:53,"<a href=""http://www.abvio.com/runmeter/"" rel=""nofollow"">Runmeter</a>",,,,
'96583237022924800',"Finished Run with @runmeter, on Central Park 1 Lap route, time 1:00:12, 6.23 miles, ahead of best run 6:05, see http://j.mp/ox0MF3.",en,Tweet,0,0,0,0,,2011-07-28 16:10:12,"<a href=""http://www.abvio.com/runmeter/"" rel=""nofollow"">Runmeter</a>",,,,
'95849735809810432',"Finished Run with @runmeter, on Central Park 1 Lap route, time 1:06:17, 6.53 miles, ahead of best run 21:14, see http://j.mp/nvp0Fx.",en,Tweet,0,0,0,0,,2011-07-26 15:35:32,"<a href=""http://www.abvio.com/runmeter/"" rel=""nofollow"">Runmeter</a>",,,,
'95239130874773504',"Finished Run with @runmeter, on Central Park 1 Lap route, time 1:27:30, 6.70 miles, see http://j.mp/qGE8hh, average 13:04.",en,Tweet,0,0,0,0,,2011-07-24 23:09:12,"<a href=""http://www.abvio.com/runmeter/"" rel=""nofollow"">Runmeter</a>",,,,
'94715104913915904',"Finished Run with @runmeter, on a new route, time 1:28:53, 6.25 miles, see http://j.mp/r69RMD, average 14:13.",en,Tweet,0,0,0,0,,2011-07-23 12:26:55,"<a href=""http://www.abvio.com/runmeter/"" rel=""nofollow"">Runmeter</a>",,,,
'93385130374209537',"Finished Run with @runmeter, on Central Park route, time 3:12:04, 12.75 miles, see http://j.mp/rang7k, average 15:04.",en,Tweet,0,0,0,0,,2011-07-19 20:22:04,"<a href=""http://www.abvio.com/runmeter/"" rel=""nofollow"">Runmeter</a>",,,,
'11965802743857152',marathon.. check.. skydiving check.. whats next?,en,Tweet,0,0,0,0,,2010-12-07 03:10:44,"<a href=""http://twitter.com"" rel=""nofollow"">Twitter Web Client</a>",,,,
'24005725518',sleep is completely backwards.... ouch... i wonder if i can stay awake all day today... hmmphhhh jet lag sucks! but vacations are worth it=],en,Tweet,0,0,0,0,,2010-09-09 14:43:37,"<a href=""http://twitter.com"" rel=""nofollow"">Twitter Web Client</a>",,,,
'8162755138',I used #Shazam to discover Nearly Lost You by Screaming Trees http://www.shazam.com/music/web/track?id=318469,en,Tweet,0,0,0,0,,2010-01-24 22:02:42,"<a href=""http://twitter.com"" rel=""nofollow"">Twitter Web Client</a>",#Shazam,,,
'6068262147',I used #Shazam to discover Angel On My Shoulder by Kaskade Feat. Tamra Keenan http://www.shazam.com/music/web/track?id=49379757,en,Tweet,0,0,0,0,,2009-11-26 02:47:08,"<a href=""http://twitter.com"" rel=""nofollow"">Twitter Web Client</a>",#Shazam,,,
'4782749366',is making pancakes.. mm.. and can't wait to add some peanut butter....,en,Tweet,0,1,0,0,,2009-10-11 13:59:25,"<a href=""http://twitter.com"" rel=""nofollow"">Twitter Web Client</a>",,,,
'3313060540',I used Shazam to discover Wolfgang's 5th Symphony by Wolfgang Gartner #shazam,en,Tweet,0,0,0,0,,2009-08-14 20:46:01,"<a href=""http://twitter.com"" rel=""nofollow"">Twitter Web Client</a>",#shazam,,,
'3215731034',I used Shazam to discover Imagination by Jes #shazam,en,Tweet,0,0,0,0,,2009-08-10 01:36:21,"<a href=""http://twitter.com"" rel=""nofollow"">Twitter Web Client</a>",#shazam,,,
'3150958531',I used Shazam to discover Fall To Pieces by Jonas Stuer Feat. Jennifer Rene #shazam,en,Tweet,0,0,0,0,,2009-08-05 21:13:08,"<a href=""http://twitter.com"" rel=""nofollow"">Twitter Web Client</a>",#shazam,,,
'3136535180',I used Shazam to discover A Thousand Kisses Deep by Leonard Cohen #shazam,en,Tweet,0,0,0,0,,2009-08-05 03:47:37,"<a href=""http://twitter.com"" rel=""nofollow"">Twitter Web Client</a>",#shazam,,,
'2472295562',"went to see some of the pyramids in cairo, egypt earlier!! pics @ http://easystyle.org/pics/egypt/all.html :)",en,Tweet,0,0,0,0,,2009-07-04 20:27:13,"<a href=""http://twitter.com"" rel=""nofollow"">Twitter Web Client</a>",,,,
'1940919545',had fun at the beach... kinda exhausted... ready to drink n chill with the shells & chiangs ;),en,Tweet,0,0,0,0,,2009-05-28 01:31:26,"<a href=""http://twitter.com"" rel=""nofollow"">Twitter Web Client</a>",,,,
'1934806832',is drinking a cup of coffee & checking the news... :),en,Tweet,0,0,0,0,,2009-05-27 13:37:42,"<a href=""http://twitter.com"" rel=""nofollow"">Twitter Web Client</a>",,,,
'1912139552',is watching you!,en,Tweet,0,0,0,0,,2009-05-25 15:06:51,"<a href=""http://twitter.com"" rel=""nofollow"">Twitter Web Client</a>",,,,
'1856252538',is back from a bad ass trip in florida...and headed back next week..,en,Tweet,0,0,0,0,,2009-05-20 07:05:18,"<a href=""http://twitter.com"" rel=""nofollow"">Twitter Web Client</a>",,,,
'1751832096',hanging out in tennesseeeeee...,en,Tweet,0,0,0,0,,2009-05-10 05:23:04,"<a href=""http://twitter.com"" rel=""nofollow"">Twitter Web Client</a>",,,,
'1614127190',I'm heading out to jazz fest... looking forward to erykah badu @ 5pm! =),en,Tweet,0,0,0,0,,2009-04-25 19:34:22,"<a href=""http://twitter.com"" rel=""nofollow"">Twitter Web Client</a>",,,,
'1614122454',jazz fest 2009 day 1 - trombone shorty.. http://www.facebook.com/v/89178233693,en,Tweet,0,0,0,0,,2009-04-25 19:33:40,"<a href=""http://twitter.com"" rel=""nofollow"">Twitter Web Client</a>",,,,
'1489408066',taking over the world :),en,Tweet,0,1,0,0,,2009-04-10 11:05:48,"<a href=""http://twitter.com"" rel=""nofollow"">Twitter Web Client</a>",,,,
'1461552047',http://twitpic.com/2wn9f -,zxx,Tweet,0,0,0,0,,2009-04-06 09:09:48,"<a href=""http://twitter.com"" rel=""nofollow"">Twitter Web Client</a>",,,,
